GEO.id,GEO.id2,GEO.display-label,OCCUPATION2010.id,OCCUPATION2010.display-label,EST_HC1_VC2,EST_HC2_VC2,EST_HC3_VC2,EST_HC4_VC2,EST_HC5_VC2,EST_HC6_VC2,EST_HC7_VC2,EST_HC8_VC2,EST_HC9_VC2,EST_HC10_VC2,EST_HC11_VC2,EST_HC12_VC2,EST_HC13_VC2,EST_HC14_VC2,EST_HC15_VC2,EST_HC16_VC2,EST_HC1_VC3,EST_HC2_VC3,EST_HC3_VC3,EST_HC4_VC3,EST_HC5_VC3,EST_HC6_VC3,EST_HC7_VC3,EST_HC8_VC3,EST_HC9_VC3,EST_HC10_VC3,EST_HC11_VC3,EST_HC12_VC3,EST_HC13_VC3,EST_HC14_VC3,EST_HC15_VC3,EST_HC16_VC3,EST_HC1_VC5,EST_HC2_VC5,EST_HC3_VC5,EST_HC4_VC5,EST_HC5_VC5,EST_HC6_VC5,EST_HC7_VC5,EST_HC8_VC5,EST_HC9_VC5,EST_HC10_VC5,EST_HC11_VC5,EST_HC12_VC5,EST_HC13_VC5,EST_HC14_VC5,EST_HC15_VC5,EST_HC16_VC5,EST_HC1_VC6,EST_HC2_VC6,EST_HC3_VC6,EST_HC4_VC6,EST_HC5_VC6,EST_HC6_VC6,EST_HC7_VC6,EST_HC8_VC6,EST_HC9_VC6,EST_HC10_VC6,EST_HC11_VC6,EST_HC12_VC6,EST_HC13_VC6,EST_HC14_VC6,EST_HC15_VC6,EST_HC16_VC6,EST_HC1_VC8,EST_HC2_VC8,EST_HC3_VC8,EST_HC4_VC8,EST_HC5_VC8,EST_HC6_VC8,EST_HC7_VC8,EST_HC8_VC8,EST_HC9_VC8,EST_HC10_VC8,EST_HC11_VC8,EST_HC12_VC8,EST_HC13_VC8,EST_HC14_VC8,EST_HC15_VC8,EST_HC16_VC8,EST_HC1_VC9,EST_HC2_VC9,EST_HC3_VC9,EST_HC4_VC9,EST_HC5_VC9,EST_HC6_VC9,EST_HC7_VC9,EST_HC8_VC9,EST_HC9_VC9,EST_HC10_VC9,EST_HC11_VC9,EST_HC12_VC9,EST_HC13_VC9,EST_HC14_VC9,EST_HC15_VC9,EST_HC16_VC9,MOE_HC1_VC2,MOE_HC2_VC2,MOE_HC3_VC2,MOE_HC4_VC2,MOE_HC5_VC2,MOE_HC6_VC2,MOE_HC7_VC2,MOE_HC8_VC2,MOE_HC9_VC2,MOE_HC10_VC2,MOE_HC11_VC2,MOE_HC12_VC2,MOE_HC13_VC2,MOE_HC14_VC2,MOE_HC15_VC2,MOE_HC16_VC2,MOE_HC1_VC3,MOE_HC2_VC3,MOE_HC3_VC3,MOE_HC4_VC3,MOE_HC5_VC3,MOE_HC6_VC3,MOE_HC7_VC3,MOE_HC8_VC3,MOE_HC9_VC3,MOE_HC10_VC3,MOE_HC11_VC3,MOE_HC12_VC3,MOE_HC13_VC3,MOE_HC14_VC3,MOE_HC15_VC3,MOE_HC16_VC3,MOE_HC1_VC5,MOE_HC2_VC5,MOE_HC3_VC5,MOE_HC4_VC5,MOE_HC5_VC5,MOE_HC6_VC5,MOE_HC7_VC5,MOE_HC8_VC5,MOE_HC9_VC5,MOE_HC10_VC5,MOE_HC11_VC5,MOE_HC12_VC5,MOE_HC13_VC5,MOE_HC14_VC5,MOE_HC15_VC5,MOE_HC16_VC5,MOE_HC1_VC6,MOE_HC2_VC6,MOE_HC3_VC6,MOE_HC4_VC6,MOE_HC5_VC6,MOE_HC6_VC6,MOE_HC7_VC6,MOE_HC8_VC6,MOE_HC9_VC6,MOE_HC10_VC6,MOE_HC11_VC6,MOE_HC12_VC6,MOE_HC13_VC6,MOE_HC14_VC6,MOE_HC15_VC6,MOE_HC16_VC6,MOE_HC1_VC8,MOE_HC2_VC8,MOE_HC3_VC8,MOE_HC4_VC8,MOE_HC5_VC8,MOE_HC6_VC8,MOE_HC7_VC8,MOE_HC8_VC8,MOE_HC9_VC8,MOE_HC10_VC8,MOE_HC11_VC8,MOE_HC12_VC8,MOE_HC13_VC8,MOE_HC14_VC8,MOE_HC15_VC8,MOE_HC16_VC8,MOE_HC1_VC9,MOE_HC2_VC9,MOE_HC3_VC9,MOE_HC4_VC9,MOE_HC5_VC9,MOE_HC6_VC9,MOE_HC7_VC9,MOE_HC8_VC9,MOE_HC9_VC9,MOE_HC10_VC9,MOE_HC11_VC9,MOE_HC12_VC9,MOE_HC13_VC9,MOE_HC14_VC9,MOE_HC15_VC9,MOE_HC16_VC9
Id,Id2,Geography,Id,Occupation Code,"Estimate; Total, race and ethnicity; Total, both sexes - Number","Estimate; Hispanic or Latino - White alone Hispanic or Latino; Total, both sexes - Number","Estimate; Hispanic or Latino - All other Hispanic or Latino; Total, both sexes - Number","Estimate; Not Hispanic or Latino, one race - White alone; Total, both sexes - Number","Estimate; Not Hispanic or Latino, one race - Black or African American alone; Total, both sexes - Number","Estimate; Not Hispanic or Latino, one race - American Indian and Alaska Native alone; Total, both sexes - Number","Estimate; Not Hispanic or Latino, one race - Asian alone; Total, both sexes - Number","Estimate; Not Hispanic or Latino, one race - Native Hawaiian and Other Pacific Islander alone ; Total, both sexes - Number","Estimate; Not Hispanic or Latino, two or more races - White and Black; Total, both sexes - Number","Estimate; Not Hispanic or Latino, two or more races - White and AIAN; Total, both sexes - Number","Estimate; Not Hispanic or Latino, two or more races - White and Asian; Total, both sexes - Number","Estimate; Not Hispanic or Latino, two or more races - Black and AIAN; Total, both sexes - Number","Estimate; Not Hispanic or Latino, two or more races - NHPI and White (Hawaii only); Total, both sexes - Number","Estimate; Not Hispanic or Latino, two or more races - NHPI and Asian (Hawaii only); Total, both sexes - Number","Estimate; Not Hispanic or Latino, two or more races - NHPI and Asian and White (Hawaii only); Total, both sexes - Number","Estimate; Balance of not Hispanic or Latino; Total, both sexes - Number","Estimate; Total, race and ethnicity; Total, both sexes - Percent","Estimate; Hispanic or Latino - White alone Hispanic or Latino; Total, both sexes - Percent","Estimate; Hispanic or Latino - All other Hispanic or Latino; Total, both sexes - Percent","Estimate; Not Hispanic or Latino, one race - White alone; Total, both sexes - Percent","Estimate; Not Hispanic or Latino, one race - Black or African American alone; Total, both sexes - Percent","Estimate; Not Hispanic or Latino, one race - American Indian and Alaska Native alone; Total, both sexes - Percent","Estimate; Not Hispanic or Latino, one race - Asian alone; Total, both sexes - Percent","Estimate; Not Hispanic or Latino, one race - Native Hawaiian and Other Pacific Islander alone ; Total, both sexes - Percent","Estimate; Not Hispanic or Latino, two or more races - White and Black; Total, both sexes - Percent","Estimate; Not Hispanic or Latino, two or more races - White and AIAN; Total, both sexes - Percent","Estimate; Not Hispanic or Latino, two or more races - White and Asian; Total, both sexes - Percent","Estimate; Not Hispanic or Latino, two or more races - Black and AIAN; Total, both sexes - Percent","Estimate; Not Hispanic or Latino, two or more races - NHPI and White (Hawaii only); Total, both sexes - Percent","Estimate; Not Hispanic or Latino, two or more races - NHPI and Asian (Hawaii only); Total, both sexes - Percent","Estimate; Not Hispanic or Latino, two or more races - NHPI and Asian and White (Hawaii only); Total, both sexes - Percent","Estimate; Balance of not Hispanic or Latino; Total, both sexes - Percent","Estimate; Total, race and ethnicity; Male - Number",Estimate; Hispanic or Latino - White alone Hispanic or Latino; Male - Number,Estimate; Hispanic or Latino - All other Hispanic or Latino; Male - Number,"Estimate; Not Hispanic or Latino, one race - White alone; Male - Number","Estimate; Not Hispanic or Latino, one race - Black or African American alone; Male - Number","Estimate; Not Hispanic or Latino, one race - American Indian and Alaska Native alone; Male - Number","Estimate; Not Hispanic or Latino, one race - Asian alone; Male - Number","Estimate; Not Hispanic or Latino, one race - Native Hawaiian and Other Pacific Islander alone ; Male - Number","Estimate; Not Hispanic or Latino, two or more races - White and Black; Male - Number","Estimate; Not Hispanic or Latino, two or more races - White and AIAN; Male - Number","Estimate; Not Hispanic or Latino, two or more races - White and Asian; Male - Number","Estimate; Not Hispanic or Latino, two or more races - Black and AIAN; Male - Number","Estimate; Not Hispanic or Latino, two or more races - NHPI and White (Hawaii only); Male - Number","Estimate; Not Hispanic or Latino, two or more races - NHPI and Asian (Hawaii only); Male - Number","Estimate; Not Hispanic or Latino, two or more races - NHPI and Asian and White (Hawaii only); Male - Number",Estimate; Balance of not Hispanic or Latino; Male - Number,"Estimate; Total, race and ethnicity; Male - Percent",Estimate; Hispanic or Latino - White alone Hispanic or Latino; Male - Percent,Estimate; Hispanic or Latino - All other Hispanic or Latino; Male - Percent,"Estimate; Not Hispanic or Latino, one race - White alone; Male - Percent","Estimate; Not Hispanic or Latino, one race - Black or African American alone; Male - Percent","Estimate; Not Hispanic or Latino, one race - American Indian and Alaska Native alone; Male - Percent","Estimate; Not Hispanic or Latino, one race - Asian alone; Male - Percent","Estimate; Not Hispanic or Latino, one race - Native Hawaiian and Other Pacific Islander alone ; Male - Percent","Estimate; Not Hispanic or Latino, two or more races - White and Black; Male - Percent","Estimate; Not Hispanic or Latino, two or more races - White and AIAN; Male - Percent","Estimate; Not Hispanic or Latino, two or more races - White and Asian; Male - Percent","Estimate; Not Hispanic or Latino, two or more races - Black and AIAN; Male - Percent","Estimate; Not Hispanic or Latino, two or more races - NHPI and White (Hawaii only); Male - Percent","Estimate; Not Hispanic or Latino, two or more races - NHPI and Asian (Hawaii only); Male - Percent","Estimate; Not Hispanic or Latino, two or more races - NHPI and Asian and White (Hawaii only); Male - Percent",Estimate; Balance of not Hispanic or Latino; Male - Percent,"Estimate; Total, race and ethnicity; Female - Number",Estimate; Hispanic or Latino - White alone Hispanic or Latino; Female - Number,Estimate; Hispanic or Latino - All other Hispanic or Latino; Female - Number,"Estimate; Not Hispanic or Latino, one race - White alone; Female - Number","Estimate; Not Hispanic or Latino, one race - Black or African American alone; Female - Number","Estimate; Not Hispanic or Latino, one race - American Indian and Alaska Native alone; Female - Number","Estimate; Not Hispanic or Latino, one race - Asian alone; Female - Number","Estimate; Not Hispanic or Latino, one race - Native Hawaiian and Other Pacific Islander alone ; Female - Number","Estimate; Not Hispanic or Latino, two or more races - White and Black; Female - Number","Estimate; Not Hispanic or Latino, two or more races - White and AIAN; Female - Number","Estimate; Not Hispanic or Latino, two or more races - White and Asian; Female - Number","Estimate; Not Hispanic or Latino, two or more races - Black and AIAN; Female - Number","Estimate; Not Hispanic or Latino, two or more races - NHPI and White (Hawaii only); Female - Number","Estimate; Not Hispanic or Latino, two or more races - NHPI and Asian (Hawaii only); Female - Number","Estimate; Not Hispanic or Latino, two or more races - NHPI and Asian and White (Hawaii only); Female - Number",Estimate; Balance of not Hispanic or Latino; Female - Number,"Estimate; Total, race and ethnicity; Female - Percent",Estimate; Hispanic or Latino - White alone Hispanic or Latino; Female - Percent,Estimate; Hispanic or Latino - All other Hispanic or Latino; Female - Percent,"Estimate; Not Hispanic or Latino, one race - White alone; Female - Percent","Estimate; Not Hispanic or Latino, one race - Black or African American alone; Female - Percent","Estimate; Not Hispanic or Latino, one race - American Indian and Alaska Native alone; Female - Percent","Estimate; Not Hispanic or Latino, one race - Asian alone; Female - Percent","Estimate; Not Hispanic or Latino, one race - Native Hawaiian and Other Pacific Islander alone ; Female - Percent","Estimate; Not Hispanic or Latino, two or more races - White and Black; Female - Percent","Estimate; Not Hispanic or Latino, two or more races - White and AIAN; Female - Percent","Estimate; Not Hispanic or Latino, two or more races - White and Asian; Female - Percent","Estimate; Not Hispanic or Latino, two or more races - Black and AIAN; Female - Percent","Estimate; Not Hispanic or Latino, two or more races - NHPI and White (Hawaii only); Female - Percent","Estimate; Not Hispanic or Latino, two or more races - NHPI and Asian (Hawaii only); Female - Percent","Estimate; Not Hispanic or Latino, two or more races - NHPI and Asian and White (Hawaii only); Female - Percent",Estimate; Balance of not Hispanic or Latino; Female - Percent,"Margin of Error; Total, race and ethnicity; Total, both sexes - Number","Margin of Error; Hispanic or Latino - White alone Hispanic or Latino; Total, both sexes - Number","Margin of Error; Hispanic or Latino - All other Hispanic or Latino; Total, both sexes - Number","Margin of Error; Not Hispanic or Latino, one race - White alone; Total, both sexes - Number","Margin of Error; Not Hispanic or Latino, one race - Black or African American alone; Total, both sexes - Number","Margin of Error; Not Hispanic or Latino, one race - American Indian and Alaska Native alone; Total, both sexes - Number","Margin of Error; Not Hispanic or Latino, one race - Asian alone; Total, both sexes - Number","Margin of Error; Not Hispanic or Latino, one race - Native Hawaiian and Other Pacific Islander alone ; Total, both sexes - Number","Margin of Error; Not Hispanic or Latino, two or more races - White and Black; Total, both sexes - Number","Margin of Error; Not Hispanic or Latino, two or more races - White and AIAN; Total, both sexes - Number","Margin of Error; Not Hispanic or Latino, two or more races - White and Asian; Total, both sexes - Number","Margin of Error; Not Hispanic or Latino, two or more races - Black and AIAN; Total, both sexes - Number","Margin of Error; Not Hispanic or Latino, two or more races - NHPI and White (Hawaii only); Total, both sexes - Number","Margin of Error; Not Hispanic or Latino, two or more races - NHPI and Asian (Hawaii only); Total, both sexes - Number","Margin of Error; Not Hispanic or Latino, two or more races - NHPI and Asian and White (Hawaii only); Total, both sexes - Number","Margin of Error; Balance of not Hispanic or Latino; Total, both sexes - Number","Margin of Error; Total, race and ethnicity; Total, both sexes - Percent","Margin of Error; Hispanic or Latino - White alone Hispanic or Latino; Total, both sexes - Percent","Margin of Error; Hispanic or Latino - All other Hispanic or Latino; Total, both sexes - Percent","Margin of Error; Not Hispanic or Latino, one race - White alone; Total, both sexes - Percent","Margin of Error; Not Hispanic or Latino, one race - Black or African American alone; Total, both sexes - Percent","Margin of Error; Not Hispanic or Latino, one race - American Indian and Alaska Native alone; Total, both sexes - Percent","Margin of Error; Not Hispanic or Latino, one race - Asian alone; Total, both sexes - Percent","Margin of Error; Not Hispanic or Latino, one race - Native Hawaiian and Other Pacific Islander alone ; Total, both sexes - Percent","Margin of Error; Not Hispanic or Latino, two or more races - White and Black; Total, both sexes - Percent","Margin of Error; Not Hispanic or Latino, two or more races - White and AIAN; Total, both sexes - Percent","Margin of Error; Not Hispanic or Latino, two or more races - White and Asian; Total, both sexes - Percent","Margin of Error; Not Hispanic or Latino, two or more races - Black and AIAN; Total, both sexes - Percent","Margin of Error; Not Hispanic or Latino, two or more races - NHPI and White (Hawaii only); Total, both sexes - Percent","Margin of Error; Not Hispanic or Latino, two or more races - NHPI and Asian (Hawaii only); Total, both sexes - Percent","Margin of Error; Not Hispanic or Latino, two or more races - NHPI and Asian and White (Hawaii only); Total, both sexes - Percent","Margin of Error; Balance of not Hispanic or Latino; Total, both sexes - Percent","Margin of Error; Total, race and ethnicity; Male - Number",Margin of Error; Hispanic or Latino - White alone Hispanic or Latino; Male - Number,Margin of Error; Hispanic or Latino - All other Hispanic or Latino; Male - Number,"Margin of Error; Not Hispanic or Latino, one race - White alone; Male - Number","Margin of Error; Not Hispanic or Latino, one race - Black or African American alone; Male - Number","Margin of Error; Not Hispanic or Latino, one race - American Indian and Alaska Native alone; Male - Number","Margin of Error; Not Hispanic or Latino, one race - Asian alone; Male - Number","Margin of Error; Not Hispanic or Latino, one race - Native Hawaiian and Other Pacific Islander alone ; Male - Number","Margin of Error; Not Hispanic or Latino, two or more races - White and Black; Male - Number","Margin of Error; Not Hispanic or Latino, two or more races - White and AIAN; Male - Number","Margin of Error; Not Hispanic or Latino, two or more races - White and Asian; Male - Number","Margin of Error; Not Hispanic or Latino, two or more races - Black and AIAN; Male - Number","Margin of Error; Not Hispanic or Latino, two or more races - NHPI and White (Hawaii only); Male - Number","Margin of Error; Not Hispanic or Latino, two or more races - NHPI and Asian (Hawaii only); Male - Number","Margin of Error; Not Hispanic or Latino, two or more races - NHPI and Asian and White (Hawaii only); Male - Number",Margin of Error; Balance of not Hispanic or Latino; Male - Number,"Margin of Error; Total, race and ethnicity; Male - Percent",Margin of Error; Hispanic or Latino - White alone Hispanic or Latino; Male - Percent,Margin of Error; Hispanic or Latino - All other Hispanic or Latino; Male - Percent,"Margin of Error; Not Hispanic or Latino, one race - White alone; Male - Percent","Margin of Error; Not Hispanic or Latino, one race - Black or African American alone; Male - Percent","Margin of Error; Not Hispanic or Latino, one race - American Indian and Alaska Native alone; Male - Percent","Margin of Error; Not Hispanic or Latino, one race - Asian alone; Male - Percent","Margin of Error; Not Hispanic or Latino, one race - Native Hawaiian and Other Pacific Islander alone ; Male - Percent","Margin of Error; Not Hispanic or Latino, two or more races - White and Black; Male - Percent","Margin of Error; Not Hispanic or Latino, two or more races - White and AIAN; Male - Percent","Margin of Error; Not Hispanic or Latino, two or more races - White and Asian; Male - Percent","Margin of Error; Not Hispanic or Latino, two or more races - Black and AIAN; Male - Percent","Margin of Error; Not Hispanic or Latino, two or more races - NHPI and White (Hawaii only); Male - Percent","Margin of Error; Not Hispanic or Latino, two or more races - NHPI and Asian (Hawaii only); Male - Percent","Margin of Error; Not Hispanic or Latino, two or more races - NHPI and Asian and White (Hawaii only); Male - Percent",Margin of Error; Balance of not Hispanic or Latino; Male - Percent,"Margin of Error; Total, race and ethnicity; Female - Number",Margin of Error; Hispanic or Latino - White alone Hispanic or Latino; Female - Number,Margin of Error; Hispanic or Latino - All other Hispanic or Latino; Female - Number,"Margin of Error; Not Hispanic or Latino, one race - White alone; Female - Number","Margin of Error; Not Hispanic or Latino, one race - Black or African American alone; Female - Number","Margin of Error; Not Hispanic or Latino, one race - American Indian and Alaska Native alone; Female - Number","Margin of Error; Not Hispanic or Latino, one race - Asian alone; Female - Number","Margin of Error; Not Hispanic or Latino, one race - Native Hawaiian and Other Pacific Islander alone ; Female - Number","Margin of Error; Not Hispanic or Latino, two or more races - White and Black; Female - Number","Margin of Error; Not Hispanic or Latino, two or more races - White and AIAN; Female - Number","Margin of Error; Not Hispanic or Latino, two or more races - White and Asian; Female - Number","Margin of Error; Not Hispanic or Latino, two or more races - Black and AIAN; Female - Number","Margin of Error; Not Hispanic or Latino, two or more races - NHPI and White (Hawaii only); Female - Number","Margin of Error; Not Hispanic or Latino, two or more races - NHPI and Asian (Hawaii only); Female - Number","Margin of Error; Not Hispanic or Latino, two or more races - NHPI and Asian and White (Hawaii only); Female - Number",Margin of Error; Balance of not Hispanic or Latino; Female - Number,"Margin of Error; Total, race and ethnicity; Female - Percent",Margin of Error; Hispanic or Latino - White alone Hispanic or Latino; Female - Percent,Margin of Error; Hispanic or Latino - All other Hispanic or Latino; Female - Percent,"Margin of Error; Not Hispanic or Latino, one race - White alone; Female - Percent","Margin of Error; Not Hispanic or Latino, one race - Black or African American alone; Female - Percent","Margin of Error; Not Hispanic or Latino, one race - American Indian and Alaska Native alone; Female - Percent","Margin of Error; Not Hispanic or Latino, one race - Asian alone; Female - Percent","Margin of Error; Not Hispanic or Latino, one race - Native Hawaiian and Other Pacific Islander alone ; Female - Percent","Margin of Error; Not Hispanic or Latino, two or more races - White and Black; Female - Percent","Margin of Error; Not Hispanic or Latino, two or more races - White and AIAN; Female - Percent","Margin of Error; Not Hispanic or Latino, two or more races - White and Asian; Female - Percent","Margin of Error; Not Hispanic or Latino, two or more races - Black and AIAN; Female - Percent","Margin of Error; Not Hispanic or Latino, two or more races - NHPI and White (Hawaii only); Female - Percent","Margin of Error; Not Hispanic or Latino, two or more races - NHPI and Asian (Hawaii only); Female - Percent","Margin of Error; Not Hispanic or Latino, two or more races - NHPI and Asian and White (Hawaii only); Female - Percent",Margin of Error; Balance of not Hispanic or Latino; Female - Percent
0400000US01,01,Alabama,1020,"Software developers, applications and systems software 1020 (SOC 15-113X)",8685,130,55,7015,870,10,545,0,0,0,60,0,(X),(X),(X),0,100.0,1.5,0.6,80.8,10.0,0.1,6.3,0.0,0.0,0.0,0.7,0.0,(X),(X),(X),0.0,6335,100,55,5270,540,0,345,0,0,0,25,0,(X),(X),(X),0,72.9,1.2,0.6,60.7,6.2,0.0,4.0,0.0,0.0,0.0,0.3,0.0,(X),(X),(X),0.0,2345,30,0,1745,325,10,200,0,0,0,35,0,(X),(X),(X),0,27.0,0.3,0.0,20.1,3.7,0.1,2.3,0.0,0.0,0.0,0.4,0.0,(X),(X),(X),0.0,665,122,49,544,251,22,171,119,119,119,43,119,(X),(X),(X),119,0.4,1.4,0.6,3.5,2.7,0.3,1.9,0.4,0.4,0.4,0.5,0.4,(X),(X),(X),0.4,535,112,49,438,163,119,135,119,119,119,30,119,(X),(X),(X),119,2.5,1.3,0.6,3.3,1.8,0.4,1.5,0.4,0.4,0.4,0.3,0.4,(X),(X),(X),0.4,284,37,119,251,151,22,90,119,119,119,34,119,(X),(X),(X),119,2.5,0.4,0.4,2.6,1.7,0.3,1.0,0.4,0.4,0.4,0.4,0.4,(X),(X),(X),0.4
0400000US02,02,Alaska,1020,"Software developers, applications and systems software 1020 (SOC 15-113X)",555,30,15,410,4,20,0,0,65,10,0,0,(X),(X),(X),0,100.0,5.4,2.7,73.9,0.7,3.6,0.0,0.0,11.7,1.8,0.0,0.0,(X),(X),(X),0.0,435,20,15,325,4,0,0,0,65,0,0,0,(X),(X),(X),0,78.4,3.6,2.7,58.6,0.7,0.0,0.0,0.0,11.7,0.0,0.0,0.0,(X),(X),(X),0.0,120,10,0,85,0,20,0,0,0,10,0,0,(X),(X),(X),0,21.6,1.8,0.0,15.3,0.0,3.6,0.0,0.0,0.0,1.8,0.0,0.0,(X),(X),(X),0.0,179,35,24,139,17,32,109,109,93,14,109,109,(X),(X),(X),109,4.8,6.3,4.2,16.2,3.3,5.9,4.8,4.8,15.0,2.5,4.8,4.8,(X),(X),(X),4.8,172,30,24,131,17,109,109,109,93,109,109,109,(X),(X),(X),109,9.8,5.6,4.2,15.7,3.3,4.8,4.8,4.8,15.0,4.8,4.8,4.8,(X),(X),(X),4.8,52,16,109,52,109,32,109,109,109,14,109,109,(X),(X),(X),109,9.6,2.9,4.8,9.6,4.8,5.9,4.8,4.8,4.8,2.5,4.8,4.8,(X),(X),(X),4.8
0400000US04,04,Arizona,1020,"Software developers, applications and systems software 1020 (SOC 15-113X)",16225,635,215,11030,515,90,3550,10,15,55,35,0,(X),(X),(X),70,100.0,3.9,1.3,68.0,3.2,0.6,21.9,0.1,0.1,0.3,0.2,0.0,(X),(X),(X),0.4,12830,600,110,8850,410,55,2645,10,15,55,25,0,(X),(X),(X),55,79.1,3.7,0.7,54.5,2.5,0.3,16.3,0.1,0.1,0.3,0.2,0.0,(X),(X),(X),0.3,3390,35,105,2180,105,35,905,0,0,0,10,0,(X),(X),(X),15,20.9,0.2,0.6,13.4,0.6,0.2,5.6,0.0,0.0,0.0,0.1,0.0,(X),(X),(X),0.1,870,164,113,621,177,86,559,22,27,57,37,132,(X),(X),(X),58,0.2,1.0,0.7,2.8,1.1,0.5,2.9,0.1,0.2,0.4,0.2,0.2,(X),(X),(X),0.4,759,160,73,567,158,77,457,22,27,57,29,132,(X),(X),(X),50,2.3,1.0,0.4,2.8,1.0,0.5,2.4,0.1,0.2,0.4,0.2,0.2,(X),(X),(X),0.3,424,30,76,312,70,33,300,132,132,132,18,132,(X),(X),(X),28,2.3,0.2,0.5,1.9,0.4,0.2,1.8,0.2,0.2,0.2,0.1,0.2,(X),(X),(X),0.2
0400000US05,05,Arkansas,1020,"Software developers, applications and systems software 1020 (SOC 15-113X)",2045,40,20,1380,80,20,475,0,0,0,0,0,(X),(X),(X),25,100.0,2.0,1.0,67.5,3.9,1.0,23.2,0.0,0.0,0.0,0.0,0.0,(X),(X),(X),1.2,1545,25,0,1015,75,4,430,0,0,0,0,0,(X),(X),(X),0,75.6,1.2,0.0,49.6,3.7,0.2,21.0,0.0,0.0,0.0,0.0,0.0,(X),(X),(X),0.0,495,20,20,365,10,15,45,0,0,0,0,0,(X),(X),(X),25,24.2,1.0,1.0,17.8,0.5,0.7,2.2,0.0,0.0,0.0,0.0,0.0,(X),(X),(X),1.2,421,43,34,252,65,30,302,119,119,119,119,119,(X),(X),(X),45,1.6,2.0,1.7,11.0,3.2,1.5,11.8,1.6,1.6,1.6,1.6,1.6,(X),(X),(X),2.2,373,35,119,194,64,18,300,119,119,119,119,119,(X),(X),(X),119,7.5,1.7,1.6,9.8,3.1,0.9,12.0,1.6,1.6,1.6,1.6,1.6,(X),(X),(X),1.6,169,28,34,142,15,26,46,119,119,119,119,119,(X),(X),(X),45,7.5,1.3,1.7,6.2,0.8,1.3,2.2,1.6,1.6,1.6,1.6,1.6,(X),(X),(X),2.2
0400000US06,06,California,1020,"Software developers, applications and systems software 1020 (SOC 15-113X)",160165,4560,2725,70240,3350,165,75360,275,145,515,1290,55,(X),(X),(X),1490,100.0,2.8,1.7,43.9,2.1,0.1,47.1,0.2,0.1,0.3,0.8,0.0,(X),(X),(X),0.9,127135,3770,2010,59390,2495,135,56430,150,135,385,1020,25,(X),(X),(X),1200,79.4,2.4,1.3,37.1,1.6,0.1,35.2,0.1,0.1,0.2,0.6,0.0,(X),(X),(X),0.7,33030,795,715,10855,855,35,18930,125,4,125,265,30,(X),(X),(X),290,20.6,0.5,0.4,6.8,0.5,0.0,11.8,0.1,0.0,0.1,0.2,0.0,(X),(X),(X),0.2,3516,529,408,1991,443,86,2240,126,85,160,226,53,(X),(X),(X),274,0.1,0.3,0.3,0.8,0.3,0.1,0.9,0.1,0.1,0.1,0.1,0.1,(X),(X),(X),0.2,3040,478,338,1872,397,74,1831,85,89,133,198,39,(X),(X),(X),264,0.7,0.3,0.2,0.8,0.2,0.1,0.9,0.1,0.1,0.1,0.1,0.1,(X),(X),(X),0.2,1331,188,214,741,195,30,1020,86,15,85,122,37,(X),(X),(X),133,0.7,0.1,0.1,0.5,0.1,0.1,0.6,0.1,0.1,0.1,0.1,0.1,(X),(X),(X),0.1
0400000US08,08,Colorado,1020,"Software developers, applications and systems software 1020 (SOC 15-113X)",27935,765,350,21945,500,65,3725,20,70,90,170,0,(X),(X),(X),235,100.0,2.7,1.3,78.6,1.8,0.2,13.3,0.1,0.3,0.3,0.6,0.0,(X),(X),(X),0.8,22110,560,295,17755,320,65,2670,20,55,75,125,0,(X),(X),(X),170,79.1,2.0,1.1,63.6,1.1,0.2,9.6,0.1,0.2,0.3,0.4,0.0,(X),(X),(X),0.6,5825,205,50,4190,180,0,1060,0,15,15,45,0,(X),(X),(X),65,20.9,0.7,0.2,15.0,0.6,0.0,3.8,0.0,0.1,0.1,0.2,0.0,(X),(X),(X),0.2,1154,205,151,973,141,50,485,32,82,51,87,123,(X),(X),(X),136,0.1,0.7,0.5,1.9,0.5,0.2,1.6,0.1,0.3,0.2,0.3,0.1,(X),(X),(X),0.5,953,171,129,825,116,50,330,32,81,46,91,123,(X),(X),(X),110,1.6,0.6,0.5,1.8,0.4,0.2,1.1,0.1,0.3,0.2,0.3,0.1,(X),(X),(X),0.4,533,97,45,412,101,123,288,123,22,18,33,123,(X),(X),(X),69,1.6,0.3,0.2,1.4,0.4,0.1,1.0,0.1,0.1,0.1,0.1,0.1,(X),(X),(X),0.2
0400000US09,09,Connecticut,1020,"Software developers, applications and systems software 1020 (SOC 15-113X)",11125,140,135,7055,370,0,3125,0,0,10,50,30,(X),(X),(X),210,100.0,1.3,1.2,63.4,3.3,0.0,28.1,0.0,0.0,0.1,0.4,0.3,(X),(X),(X),1.9,8955,140,135,5825,290,0,2375,0,0,10,35,0,(X),(X),(X),150,80.5,1.3,1.2,52.4,2.6,0.0,21.3,0.0,0.0,0.1,0.3,0.0,(X),(X),(X),1.3,2170,0,0,1230,80,0,750,0,0,0,15,30,(X),(X),(X),60,19.5,0.0,0.0,11.1,0.7,0.0,6.7,0.0,0.0,0.0,0.1,0.3,(X),(X),(X),0.5,756,107,104,490,131,123,404,123,123,14,57,47,(X),(X),(X),117,0.3,1.0,0.9,2.9,1.2,0.3,2.6,0.3,0.3,0.1,0.5,0.4,(X),(X),(X),1.0,721,107,104,471,113,123,371,123,123,14,40,123,(X),(X),(X),112,2.5,1.0,0.9,2.7,1.0,0.3,2.6,0.3,0.3,0.1,0.4,0.3,(X),(X),(X),1.0,284,123,123,214,58,123,187,123,123,123,23,47,(X),(X),(X),60,2.5,0.3,0.3,2.0,0.5,0.3,1.6,0.3,0.3,0.3,0.2,0.4,(X),(X),(X),0.5
0400000US10,10,Delaware,1020,"Software developers, applications and systems software 1020 (SOC 15-113X)",1975,0,0,890,130,0,890,0,10,0,55,0,(X),(X),(X),0,100.0,0.0,0.0,45.1,6.6,0.0,45.1,0.0,0.5,0.0,2.8,0.0,(X),(X),(X),0.0,1555,0,0,760,90,0,650,0,0,0,55,0,(X),(X),(X),0,78.7,0.0,0.0,38.5,4.6,0.0,32.9,0.0,0.0,0.0,2.8,0.0,(X),(X),(X),0.0,420,0,0,130,40,0,240,0,10,0,0,0,(X),(X),(X),0,21.3,0.0,0.0,6.6,2.0,0.0,12.2,0.0,0.5,0.0,0.0,0.0,(X),(X),(X),0.0,306,119,119,181,109,119,245,119,22,119,59,119,(X),(X),(X),119,1.6,1.6,1.6,8.1,5.5,1.6,8.5,1.6,1.1,1.6,3.0,1.6,(X),(X),(X),1.6,242,119,119,169,98,119,169,119,119,119,59,119,(X),(X),(X),119,6.9,1.6,1.6,7.8,4.9,1.6,7.0,1.6,1.6,1.6,3.0,1.6,(X),(X),(X),1.6,169,119,119,65,53,119,157,119,22,119,119,119,(X),(X),(X),119,7.1,1.6,1.6,3.3,2.7,1.6,7.1,1.6,1.1,1.6,1.6,1.6,(X),(X),(X),1.6
0400000US11,11,District of Columbia,1020,"Software developers, applications and systems software 1020 (SOC 15-113X)",2165,60,0,1175,645,0,200,0,50,0,15,0,(X),(X),(X),25,100.0,2.8,0.0,54.3,29.8,0.0,9.2,0.0,2.3,0.0,0.7,0.0,(X),(X),(X),1.2,1420,15,0,865,370,0,130,0,15,0,15,0,(X),(X),(X),10,65.6,0.7,0.0,40.0,17.1,0.0,6.0,0.0,0.7,0.0,0.7,0.0,(X),(X),(X),0.5,745,45,0,310,270,0,70,0,35,0,0,0,(X),(X),(X),15,34.4,2.1,0.0,14.3,12.5,0.0,3.2,0.0,1.6,0.0,0.0,0.0,(X),(X),(X),0.7,354,66,132,251,185,132,113,132,58,132,25,132,(X),(X),(X),32,1.8,3.0,1.8,7.5,7.0,1.8,4.8,1.8,2.7,1.8,1.2,1.8,(X),(X),(X),1.5,289,28,132,215,134,132,103,132,22,132,25,132,(X),(X),(X),20,6.9,1.3,1.8,7.0,5.6,1.8,4.5,1.8,1.0,1.8,1.2,1.8,(X),(X),(X),0.9,185,51,132,136,120,132,49,132,55,132,132,132,(X),(X),(X),25,6.9,2.3,1.8,6.0,5.1,1.8,2.2,1.8,2.5,1.8,1.8,1.8,(X),(X),(X),1.2
0400000US12,12,Florida,1020,"Software developers, applications and systems software 1020 (SOC 15-113X)",35070,2730,480,23670,1765,90,5870,25,75,25,105,0,(X),(X),(X),230,100.0,7.8,1.4,67.5,5.0,0.3,16.7,0.1,0.2,0.1,0.3,0.0,(X),(X),(X),0.7,27070,2270,415,18470,1115,90,4305,25,65,25,60,0,(X),(X),(X),230,77.2,6.5,1.2,52.7,3.2,0.3,12.3,0.1,0.2,0.1,0.2,0.0,(X),(X),(X),0.7,8000,465,65,5200,650,0,1565,0,15,0,45,0,(X),(X),(X),0,22.8,1.3,0.2,14.8,1.9,0.0,4.5,0.0,0.0,0.0,0.1,0.0,(X),(X),(X),0.0,1455,398,157,1176,320,65,609,28,56,27,60,136,(X),(X),(X),122,0.1,1.1,0.4,1.7,0.9,0.2,1.6,0.1,0.2,0.1,0.2,0.1,(X),(X),(X),0.3,1176,345,152,1002,255,65,479,28,50,27,55,136,(X),(X),(X),122,1.5,1.0,0.4,1.9,0.7,0.2,1.3,0.1,0.1,0.1,0.2,0.1,(X),(X),(X),0.3,655,169,50,495,214,136,377,136,24,136,46,136,(X),(X),(X),136,1.5,0.5,0.1,1.2,0.6,0.1,1.0,0.1,0.1,0.1,0.1,0.1,(X),(X),(X),0.1
0400000US13,13,Georgia,1020,"Software developers, applications and systems software 1020 (SOC 15-113X)",25170,545,235,13690,4195,35,5970,25,60,55,60,45,(X),(X),(X),265,100.0,2.2,0.9,54.4,16.7,0.1,23.7,0.1,0.2,0.2,0.2,0.2,(X),(X),(X),1.1,18480,400,130,10900,2535,0,4170,0,60,30,20,35,(X),(X),(X),200,73.4,1.6,0.5,43.3,10.1,0.0,16.6,0.0,0.2,0.1,0.1,0.1,(X),(X),(X),0.8,6690,140,105,2785,1660,35,1800,25,0,25,45,10,(X),(X),(X),65,26.6,0.6,0.4,11.1,6.6,0.1,7.2,0.1,0.0,0.1,0.2,0.0,(X),(X),(X),0.3,1109,215,104,755,491,37,588,48,78,45,45,59,(X),(X),(X),124,0.2,0.8,0.4,2.2,1.7,0.1,2.1,0.2,0.3,0.2,0.2,0.2,(X),(X),(X),0.5,903,190,73,616,376,132,462,132,78,33,23,58,(X),(X),(X),96,1.9,0.7,0.3,1.7,1.4,0.2,1.8,0.2,0.3,0.1,0.1,0.2,(X),(X),(X),0.4,587,80,62,355,299,37,320,48,132,29,38,13,(X),(X),(X),62,1.9,0.3,0.2,1.4,1.1,0.1,1.2,0.2,0.2,0.1,0.2,0.1,(X),(X),(X),0.2
0400000US15,15,Hawaii,1020,"Software developers, applications and systems software 1020 (SOC 15-113X)",1350,45,10,650,45,0,515,0,0,0,40,0,0,10,25,10,100.0,3.3,0.7,48.1,3.3,0.0,38.1,0.0,0.0,0.0,3.0,0.0,0.0,0.7,1.9,0.7,1175,45,10,565,30,0,445,0,0,0,40,0,0,10,20,10,87.0,3.3,0.7,41.9,2.2,0.0,33.0,0.0,0.0,0.0,3.0,0.0,0.0,0.7,1.5,0.7,175,0,0,85,15,0,70,0,0,0,0,0,0,0,4,0,13.0,0.0,0.0,6.3,1.1,0.0,5.2,0.0,0.0,0.0,0.0,0.0,0.0,0.0,0.3,0.0,216,37,21,165,42,123,121,123,123,123,51,123,123,21,30,15,2.6,2.7,1.5,8.3,3.1,2.6,7.9,2.6,2.6,2.6,3.7,2.6,2.6,1.5,2.2,1.2,214,37,21,161,37,123,115,123,123,123,51,123,123,21,32,15,5.6,2.7,1.5,8.7,2.7,2.6,7.4,2.6,2.6,2.6,3.7,2.6,2.6,1.5,2.3,1.2,74,123,123,57,24,123,45,123,123,123,123,123,123,123,11,123,5.5,2.6,2.6,4.2,1.8,2.6,3.4,2.6,2.6,2.6,2.6,2.6,2.6,2.6,0.8,2.6
0400000US16,16,Idaho,1020,"Software developers, applications and systems software 1020 (SOC 15-113X)",2875,45,0,2525,0,0,255,0,0,0,4,0,(X),(X),(X),40,100.0,1.6,0.0,87.8,0.0,0.0,8.9,0.0,0.0,0.0,0.1,0.0,(X),(X),(X),1.4,2375,30,0,2130,0,0,185,0,0,0,0,0,(X),(X),(X),30,82.6,1.0,0.0,74.1,0.0,0.0,6.4,0.0,0.0,0.0,0.0,0.0,(X),(X),(X),1.0,500,20,0,395,0,0,70,0,0,0,4,0,(X),(X),(X),10,17.4,0.7,0.0,13.7,0.0,0.0,2.4,0.0,0.0,0.0,0.1,0.0,(X),(X),(X),0.3,346,41,119,311,119,119,119,119,119,119,14,119,(X),(X),(X),46,1.1,1.4,1.1,4.2,1.1,1.1,3.7,1.1,1.1,1.1,0.5,1.1,(X),(X),(X),1.6,310,32,119,296,119,119,111,119,119,119,119,119,(X),(X),(X),36,4.9,1.1,1.1,6.1,1.1,1.1,3.7,1.1,1.1,1.1,1.1,1.1,(X),(X),(X),1.3,155,31,119,139,119,119,62,119,119,119,14,119,(X),(X),(X),18,4.8,1.1,1.1,4.6,1.1,1.1,2.1,1.1,1.1,1.1,0.5,1.1,(X),(X),(X),0.6
0400000US17,17,Illinois,1020,"Software developers, applications and systems software 1020 (SOC 15-113X)",32025,760,495,17450,1225,15,11480,15,105,55,170,40,(X),(X),(X),225,100.0,2.4,1.5,54.5,3.8,0.0,35.8,0.0,0.3,0.2,0.5,0.1,(X),(X),(X),0.7,24670,590,365,14005,755,15,8470,15,105,25,115,30,(X),(X),(X),185,77.0,1.8,1.1,43.7,2.4,0.0,26.4,0.0,0.3,0.1,0.4,0.1,(X),(X),(X),0.6,7355,170,130,3445,470,0,3010,0,0,30,50,4,(X),(X),(X),45,23.0,0.5,0.4,10.8,1.5,0.0,9.4,0.0,0.0,0.1,0.2,0.0,(X),(X),(X),0.1,1271,190,156,746,269,17,898,22,74,46,86,56,(X),(X),(X),105,0.1,0.6,0.5,2.1,0.8,0.1,2.0,0.1,0.2,0.1,0.3,0.2,(X),(X),(X),0.3,1071,169,149,717,227,17,785,22,74,28,71,51,(X),(X),(X),96,1.6,0.5,0.5,2.1,0.7,0.1,2.0,0.1,0.2,0.1,0.2,0.2,(X),(X),(X),0.3,592,78,78,307,177,119,415,119,119,36,53,16,(X),(X),(X),38,1.5,0.2,0.2,0.9,0.5,0.1,1.2,0.1,0.1,0.1,0.2,0.1,(X),(X),(X),0.1
0400000US18,18,Indiana,1020,"Software developers, applications and systems software 1020 (SOC 15-113X)",9155,80,90,6895,220,20,1700,0,0,40,45,10,(X),(X),(X),55,100.0,0.9,1.0,75.3,2.4,0.2,18.6,0.0,0.0,0.4,0.5,0.1,(X),(X),(X),0.6,7175,65,30,5545,135,20,1290,0,0,30,45,0,(X),(X),(X),20,78.4,0.7,0.3,60.6,1.5,0.2,14.1,0.0,0.0,0.3,0.5,0.0,(X),(X),(X),0.2,1980,15,60,1350,85,0,410,0,0,15,0,10,(X),(X),(X),35,21.6,0.2,0.7,14.7,0.9,0.0,4.5,0.0,0.0,0.2,0.0,0.1,(X),(X),(X),0.4,618,67,63,509,106,24,261,119,119,38,59,13,(X),(X),(X),60,0.4,0.7,0.7,2.8,1.1,0.3,2.4,0.4,0.4,0.4,0.6,0.1,(X),(X),(X),0.7,481,62,33,402,68,24,227,119,119,32,59,119,(X),(X),(X),26,3.0,0.7,0.4,3.2,0.7,0.3,2.2,0.4,0.4,0.4,0.6,0.4,(X),(X),(X),0.3,340,27,52,282,78,119,149,119,119,23,119,13,(X),(X),(X),55,3.0,0.3,0.6,2.6,0.8,0.4,1.6,0.4,0.4,0.3,0.4,0.1,(X),(X),(X),0.6
0400000US19,19,Iowa,1020,"Software developers, applications and systems software 1020 (SOC 15-113X)",6090,50,50,4855,95,0,950,4,0,0,15,0,(X),(X),(X),80,100.0,0.8,0.8,79.7,1.6,0.0,15.6,0.1,0.0,0.0,0.2,0.0,(X),(X),(X),1.3,4945,50,50,3995,75,0,695,0,0,0,10,0,(X),(X),(X),70,81.2,0.8,0.8,65.6,1.2,0.0,11.4,0.0,0.0,0.0,0.2,0.0,(X),(X),(X),1.1,1145,0,0,860,15,0,255,4,0,0,4,0,(X),(X),(X),10,18.8,0.0,0.0,14.1,0.2,0.0,4.2,0.1,0.0,0.0,0.1,0.0,(X),(X),(X),0.2,506,46,48,473,56,99,211,10,99,99,23,99,(X),(X),(X),66,0.4,0.8,0.8,4.0,0.9,0.4,3.1,0.2,0.4,0.4,0.4,0.4,(X),(X),(X),1.1,469,46,48,447,47,99,178,99,99,99,21,99,(X),(X),(X),64,2.5,0.8,0.8,4.3,0.8,0.4,2.7,0.4,0.4,0.4,0.4,0.4,(X),(X),(X),1.0,161,99,99,133,27,99,90,10,99,99,2,99,(X),(X),(X),15,2.5,0.4,0.4,2.2,0.4,0.4,1.4,0.2,0.4,0.4,0.1,0.4,(X),(X),(X),0.2
0400000US20,20,Kansas,1020,"Software developers, applications and systems software 1020 (SOC 15-113X)",6020,120,45,4065,65,10,1610,0,25,20,10,0,(X),(X),(X),45,100.0,2.0,0.7,67.5,1.1,0.2,26.7,0.0,0.4,0.3,0.2,0.0,(X),(X),(X),0.7,4480,100,45,3065,45,10,1145,0,15,20,10,0,(X),(X),(X),30,74.4,1.7,0.7,50.9,0.7,0.2,19.0,0.0,0.2,0.3,0.2,0.0,(X),(X),(X),0.5,1535,20,0,1005,20,0,465,0,10,0,0,0,(X),(X),(X),15,25.5,0.3,0.0,16.7,0.3,0.0,7.7,0.0,0.2,0.0,0.0,0.0,(X),(X),(X),0.2,479,64,52,381,57,14,277,109,28,22,13,109,(X),(X),(X),61,0.5,1.1,0.8,4.1,0.9,0.2,3.9,0.5,0.5,0.4,0.2,0.5,(X),(X),(X),1.0,425,57,52,353,43,14,230,109,24,22,13,109,(X),(X),(X),38,4.0,1.0,0.8,5.1,0.7,0.2,3.2,0.5,0.4,0.4,0.2,0.5,(X),(X),(X),0.6,275,29,109,217,39,109,161,109,15,109,109,109,(X),(X),(X),29,4.0,0.5,0.5,3.2,0.6,0.5,2.6,0.5,0.2,0.5,0.5,0.5,(X),(X),(X),0.5
0400000US21,21,Kentucky,1020,"Software developers, applications and systems software 1020 (SOC 15-113X)",3480,110,20,2495,145,0,585,0,10,15,0,15,(X),(X),(X),85,100.0,3.2,0.6,71.7,4.2,0.0,16.8,0.0,0.3,0.4,0.0,0.4,(X),(X),(X),2.4,2655,90,0,1955,145,0,440,0,0,0,0,15,(X),(X),(X),15,76.3,2.6,0.0,56.2,4.2,0.0,12.6,0.0,0.0,0.0,0.0,0.4,(X),(X),(X),0.4,820,20,20,540,0,0,145,0,10,15,0,0,(X),(X),(X),70,23.6,0.6,0.6,15.5,0.0,0.0,4.2,0.0,0.3,0.4,0.0,0.0,(X),(X),(X),2.0,356,74,33,271,107,123,186,123,20,30,123,24,(X),(X),(X),98,1.0,2.1,0.9,5.7,3.1,1.0,4.6,1.0,0.6,0.9,1.0,0.7,(X),(X),(X),2.7,273,68,123,242,107,123,128,123,123,123,123,24,(X),(X),(X),19,5.7,2.0,1.0,6.2,3.1,1.0,3.3,1.0,1.0,1.0,1.0,0.7,(X),(X),(X),0.6,242,39,33,147,123,123,94,123,20,30,123,123,(X),(X),(X),95,5.7,1.1,0.9,3.8,1.0,1.0,2.5,1.0,0.6,0.9,1.0,1.0,(X),(X),(X),2.6
0400000US22,22,Louisiana,1020,"Software developers, applications and systems software 1020 (SOC 15-113X)",2065,35,45,1500,295,0,165,0,0,20,0,0,(X),(X),(X),0,100.0,1.7,2.2,72.6,14.3,0.0,8.0,0.0,0.0,1.0,0.0,0.0,(X),(X),(X),0.0,1375,35,45,1120,90,0,65,0,0,20,0,0,(X),(X),(X),0,66.6,1.7,2.2,54.2,4.4,0.0,3.1,0.0,0.0,1.0,0.0,0.0,(X),(X),(X),0.0,685,0,0,375,210,0,100,0,0,0,0,0,(X),(X),(X),0,33.2,0.0,0.0,18.2,10.2,0.0,4.8,0.0,0.0,0.0,0.0,0.0,(X),(X),(X),0.0,289,44,50,241,113,123,96,123,123,33,123,123,(X),(X),(X),123,1.7,2.1,2.4,7.4,5.1,1.7,4.5,1.7,1.7,1.6,1.7,1.7,(X),(X),(X),1.7,239,44,50,206,57,123,44,123,123,33,123,123,(X),(X),(X),123,6.5,2.1,2.4,7.1,2.7,1.7,2.1,1.7,1.7,1.6,1.7,1.7,(X),(X),(X),1.7,161,123,123,118,97,123,75,123,123,123,123,123,(X),(X),(X),123,6.4,1.7,1.7,5.4,4.5,1.7,3.5,1.7,1.7,1.7,1.7,1.7,(X),(X),(X),1.7
0400000US23,23,Maine,1020,"Software developers, applications and systems software 1020 (SOC 15-113X)",1900,0,40,1680,0,0,165,0,0,0,10,0,(X),(X),(X),0,100.0,0.0,2.1,88.4,0.0,0.0,8.7,0.0,0.0,0.0,0.5,0.0,(X),(X),(X),0.0,1505,0,40,1315,0,0,140,0,0,0,10,0,(X),(X),(X),0,79.2,0.0,2.1,69.2,0.0,0.0,7.4,0.0,0.0,0.0,0.5,0.0,(X),(X),(X),0.0,395,0,0,365,0,0,30,0,0,0,0,0,(X),(X),(X),0,20.8,0.0,0.0,19.2,0.0,0.0,1.6,0.0,0.0,0.0,0.0,0.0,(X),(X),(X),0.0,271,104,62,283,104,104,80,104,104,104,19,104,(X),(X),(X),104,1.3,1.3,3.3,6.1,1.3,1.3,4.1,1.3,1.3,1.3,1.0,1.3,(X),(X),(X),1.3,249,104,62,260,104,104,76,104,104,104,19,104,(X),(X),(X),104,5.3,1.3,3.3,8.0,1.3,1.3,3.8,1.3,1.3,1.3,1.0,1.3,(X),(X),(X),1.3,110,104,104,107,104,104,30,104,104,104,104,104,(X),(X),(X),104,5.3,1.3,1.3,5.1,1.3,1.3,1.6,1.3,1.3,1.3,1.3,1.3,(X),(X),(X),1.3
0400000US24,24,Maryland,1020,"Software developers, applications and systems software 1020 (SOC 15-113X)",35355,780,360,18955,7175,60,7475,15,40,60,75,30,(X),(X),(X),330,100.0,2.2,1.0,53.6,20.3,0.2,21.1,0.0,0.1,0.2,0.2,0.1,(X),(X),(X),0.9,24350,630,255,14205,3585,40,5220,0,0,50,65,25,(X),(X),(X),270,68.9,1.8,0.7,40.2,10.1,0.1,14.8,0.0,0.0,0.1,0.2,0.1,(X),(X),(X),0.8,11005,150,105,4750,3590,20,2255,15,40,10,10,4,(X),(X),(X),60,31.1,0.4,0.3,13.4,10.2,0.1,6.4,0.0,0.1,0.0,0.0,0.0,(X),(X),(X),0.2,1372,203,123,976,553,49,624,29,33,45,57,29,(X),(X),(X),155,0.1,0.6,0.3,2.0,1.4,0.1,1.5,0.1,0.1,0.1,0.2,0.1,(X),(X),(X),0.4,1151,178,103,801,447,43,502,127,127,40,51,27,(X),(X),(X),145,1.6,0.5,0.3,1.7,1.2,0.1,1.2,0.1,0.1,0.1,0.1,0.1,(X),(X),(X),0.4,679,90,92,446,416,20,276,29,33,21,18,15,(X),(X),(X),68,1.6,0.3,0.3,1.2,1.1,0.1,0.7,0.1,0.1,0.1,0.1,0.1,(X),(X),(X),0.2
0400000US25,25,Massachusetts,1020,"Software developers, applications and systems software 1020 (SOC 15-113X)",41900,595,430,27775,630,25,11925,0,4,40,165,15,(X),(X),(X),290,100.0,1.4,1.0,66.3,1.5,0.1,28.5,0.0,0.0,0.1,0.4,0.0,(X),(X),(X),0.7,32740,435,380,22500,540,10,8500,0,4,20,155,15,(X),(X),(X),185,78.1,1.0,0.9,53.7,1.3,0.0,20.3,0.0,0.0,0.0,0.4,0.0,(X),(X),(X),0.4,9160,160,55,5275,85,15,3425,0,0,20,15,0,(X),(X),(X),105,21.9,0.4,0.1,12.6,0.2,0.0,8.2,0.0,0.0,0.0,0.0,0.0,(X),(X),(X),0.3,1423,215,162,1052,181,31,848,127,11,39,81,22,(X),(X),(X),147,0.1,0.5,0.4,1.7,0.4,0.1,1.6,0.1,0.1,0.1,0.2,0.1,(X),(X),(X),0.3,1144,168,167,922,170,19,599,127,11,23,78,22,(X),(X),(X),91,1.4,0.4,0.4,1.7,0.4,0.1,1.2,0.1,0.1,0.1,0.2,0.1,(X),(X),(X),0.2,719,103,40,453,47,27,432,127,127,25,23,127,(X),(X),(X),76,1.4,0.2,0.1,1.0,0.1,0.1,0.9,0.1,0.1,0.1,0.1,0.1,(X),(X),(X),0.2
0400000US26,26,Michigan,1020,"Software developers, applications and systems software 1020 (SOC 15-113X)",16905,295,45,10755,585,35,4880,0,35,10,65,0,(X),(X),(X),200,100.0,1.7,0.3,63.6,3.5,0.2,28.9,0.0,0.2,0.1,0.4,0.0,(X),(X),(X),1.2,13375,280,40,8800,430,35,3515,0,0,10,65,0,(X),(X),(X),200,79.1,1.7,0.2,52.1,2.5,0.2,20.8,0.0,0.0,0.1,0.4,0.0,(X),(X),(X),1.2,3530,15,4,1955,155,0,1365,0,35,0,0,0,(X),(X),(X),4,20.9,0.1,0.0,11.6,0.9,0.0,8.1,0.0,0.2,0.0,0.0,0.0,(X),(X),(X),0.0,811,130,41,627,198,36,509,109,46,24,51,109,(X),(X),(X),95,0.2,0.8,0.2,2.8,1.1,0.2,2.5,0.2,0.3,0.1,0.3,0.2,(X),(X),(X),0.6,703,123,38,594,148,36,421,109,109,24,51,109,(X),(X),(X),92,2.2,0.7,0.2,2.8,0.9,0.2,2.3,0.2,0.2,0.1,0.3,0.2,(X),(X),(X),0.5,427,18,12,287,93,109,259,109,46,109,109,109,(X),(X),(X),4,2.2,0.1,0.1,1.7,0.5,0.2,1.4,0.2,0.3,0.2,0.2,0.2,(X),(X),(X),0.1
0400000US27,27,Minnesota,1020,"Software developers, applications and systems software 1020 (SOC 15-113X)",19975,180,105,14310,400,10,4815,0,10,15,20,0,(X),(X),(X),110,100.0,0.9,0.5,71.6,2.0,0.1,24.1,0.0,0.1,0.1,0.1,0.0,(X),(X),(X),0.6,15960,150,65,11700,310,4,3605,0,10,15,20,0,(X),(X),(X),80,79.9,0.8,0.3,58.6,1.6,0.0,18.0,0.0,0.1,0.1,0.1,0.0,(X),(X),(X),0.4,4015,35,40,2610,85,4,1210,0,0,4,0,0,(X),(X),(X),30,20.1,0.2,0.2,13.1,0.4,0.0,6.1,0.0,0.0,0.0,0.0,0.0,(X),(X),(X),0.2,823,96,63,618,151,16,514,93,19,24,24,93,(X),(X),(X),66,0.1,0.5,0.3,2.2,0.8,0.1,2.1,0.1,0.1,0.1,0.1,0.1,(X),(X),(X),0.3,785,92,50,648,125,14,449,93,19,23,24,93,(X),(X),(X),57,1.8,0.5,0.3,2.4,0.6,0.1,1.9,0.1,0.1,0.1,0.1,0.1,(X),(X),(X),0.3,378,41,36,251,74,8,243,93,93,1,93,93,(X),(X),(X),31,1.8,0.2,0.2,1.3,0.4,0.1,1.2,0.1,0.1,0.1,0.1,0.1,(X),(X),(X),0.2
0400000US28,28,Mississippi,1020,"Software developers, applications and systems software 1020 (SOC 15-113X)",1855,25,0,1360,260,0,195,0,0,4,0,0,(X),(X),(X),15,100.0,1.3,0.0,73.3,14.0,0.0,10.5,0.0,0.0,0.2,0.0,0.0,(X),(X),(X),0.8,1290,15,0,940,145,0,175,0,0,0,0,0,(X),(X),(X),15,69.5,0.8,0.0,50.7,7.8,0.0,9.4,0.0,0.0,0.0,0.0,0.0,(X),(X),(X),0.8,565,10,0,420,110,0,15,0,0,4,0,0,(X),(X),(X),0,30.5,0.5,0.0,22.6,5.9,0.0,0.8,0.0,0.0,0.2,0.0,0.0,(X),(X),(X),0.0,318,34,127,223,111,127,168,127,127,3,127,127,(X),(X),(X),23,2.0,1.8,2.0,7.9,5.4,2.0,8.3,2.0,2.0,0.1,2.0,2.0,(X),(X),(X),1.2,306,27,127,197,93,127,168,127,127,127,127,127,(X),(X),(X),23,7.8,1.4,2.0,7.6,4.4,2.0,8.4,2.0,2.0,2.0,2.0,2.0,(X),(X),(X),1.2,144,19,127,131,67,127,26,127,127,3,127,127,(X),(X),(X),127,7.9,1.0,2.0,7.0,3.7,2.0,1.4,2.0,2.0,0.1,2.0,2.0,(X),(X),(X),2.0
0400000US29,29,Missouri,1020,"Software developers, applications and systems software 1020 (SOC 15-113X)",12665,200,140,9425,435,10,2175,20,50,70,70,0,(X),(X),(X),65,100.0,1.6,1.1,74.4,3.4,0.1,17.2,0.2,0.4,0.6,0.6,0.0,(X),(X),(X),0.5,10010,175,140,7535,235,10,1730,20,50,55,20,0,(X),(X),(X),30,79.0,1.4,1.1,59.5,1.9,0.1,13.7,0.2,0.4,0.4,0.2,0.0,(X),(X),(X),0.2,2655,30,0,1890,200,0,440,0,0,15,45,0,(X),(X),(X),35,21.0,0.2,0.0,14.9,1.6,0.0,3.5,0.0,0.0,0.1,0.4,0.0,(X),(X),(X),0.3,626,90,86,551,145,20,344,34,73,49,53,114,(X),(X),(X),49,0.2,0.7,0.7,3.0,1.1,0.2,2.4,0.3,0.6,0.4,0.4,0.2,(X),(X),(X),0.4,568,79,86,502,87,20,321,34,73,47,38,114,(X),(X),(X),34,2.2,0.6,0.7,3.0,0.7,0.2,2.4,0.3,0.6,0.4,0.3,0.2,(X),(X),(X),0.3,310,40,114,223,98,114,146,114,114,25,41,114,(X),(X),(X),38,2.2,0.3,0.2,1.7,0.8,0.2,1.1,0.2,0.2,0.2,0.3,0.2,(X),(X),(X),0.3
0400000US30,30,Montana,1020,"Software developers, applications and systems software 1020 (SOC 15-113X)",1060,0,0,980,45,15,15,0,0,0,0,0,(X),(X),(X),0,100.0,0.0,0.0,92.5,4.2,1.4,1.4,0.0,0.0,0.0,0.0,0.0,(X),(X),(X),0.0,765,0,0,705,45,0,15,0,0,0,0,0,(X),(X),(X),0,72.2,0.0,0.0,66.5,4.2,0.0,1.4,0.0,0.0,0.0,0.0,0.0,(X),(X),(X),0.0,295,0,0,275,0,15,4,0,0,0,0,0,(X),(X),(X),0,27.8,0.0,0.0,25.9,0.0,1.4,0.4,0.0,0.0,0.0,0.0,0.0,(X),(X),(X),0.0,226,104,104,203,57,27,27,104,104,104,104,104,(X),(X),(X),104,2.3,2.3,2.3,4.4,5.1,2.6,2.5,2.3,2.3,2.3,2.3,2.3,(X),(X),(X),2.3,170,104,104,148,57,104,25,104,104,104,104,104,(X),(X),(X),104,9.9,2.3,2.3,10.8,5.1,2.3,2.4,2.3,2.3,2.3,2.3,2.3,(X),(X),(X),2.3,135,104,104,136,104,27,13,104,104,104,104,104,(X),(X),(X),104,10.2,2.3,2.3,10.1,2.3,2.6,1.2,2.3,2.3,2.3,2.3,2.3,(X),(X),(X),2.3
0400000US31,31,Nebraska,1020,"Software developers, applications and systems software 1020 (SOC 15-113X)",4260,30,110,3285,95,0,670,0,0,4,35,0,(X),(X),(X),35,100.0,0.7,2.6,77.1,2.2,0.0,15.7,0.0,0.0,0.1,0.8,0.0,(X),(X),(X),0.8,3355,4,110,2560,80,0,565,0,0,0,35,0,(X),(X),(X),0,78.8,0.1,2.6,60.1,1.9,0.0,13.3,0.0,0.0,0.0,0.8,0.0,(X),(X),(X),0.0,910,25,0,725,15,0,110,0,0,4,0,0,(X),(X),(X),35,21.4,0.6,0.0,17.0,0.4,0.0,2.6,0.0,0.0,0.1,0.0,0.0,(X),(X),(X),0.8,442,30,76,337,57,99,185,99,99,8,33,99,(X),(X),(X),52,0.5,0.7,1.7,4.2,1.4,0.5,3.6,0.5,0.5,0.2,0.8,0.5,(X),(X),(X),1.2,370,16,76,292,56,99,144,99,99,99,33,99,(X),(X),(X),99,3.2,0.4,1.7,4.6,1.3,0.5,2.7,0.5,0.5,0.5,0.8,0.5,(X),(X),(X),0.5,171,25,99,143,23,99,69,99,99,8,99,99,(X),(X),(X),52,3.3,0.6,0.5,2.9,0.5,0.5,1.6,0.5,0.5,0.2,0.5,0.5,(X),(X),(X),1.2
0400000US32,32,Nevada,1020,"Software developers, applications and systems software 1020 (SOC 15-113X)",3055,125,25,2220,180,45,405,0,0,0,10,0,(X),(X),(X),40,100.0,4.1,0.8,72.7,5.9,1.5,13.3,0.0,0.0,0.0,0.3,0.0,(X),(X),(X),1.3,2480,110,25,1770,135,25,370,0,0,0,0,0,(X),(X),(X),40,81.2,3.6,0.8,57.9,4.4,0.8,12.1,0.0,0.0,0.0,0.0,0.0,(X),(X),(X),1.3,575,15,0,450,45,20,40,0,0,0,10,0,(X),(X),(X),0,18.8,0.5,0.0,14.7,1.5,0.7,1.3,0.0,0.0,0.0,0.3,0.0,(X),(X),(X),0.0,373,69,38,327,107,43,177,136,136,136,22,136,(X),(X),(X),61,1.4,2.1,1.2,6.8,3.4,1.4,5.6,1.4,1.4,1.4,0.7,1.4,(X),(X),(X),2.0,315,63,38,275,99,36,167,136,136,136,136,136,(X),(X),(X),61,5.6,2.0,1.2,7.5,3.2,1.2,5.3,1.4,1.4,1.4,1.4,1.4,(X),(X),(X),2.0,196,22,136,172,46,26,45,136,136,136,22,136,(X),(X),(X),136,5.5,0.7,1.4,4.9,1.5,0.9,1.5,1.4,1.4,1.4,0.7,1.4,(X),(X),(X),1.4
0400000US33,33,New Hampshire,1020,"Software developers, applications and systems software 1020 (SOC 15-113X)",8495,120,65,6355,85,0,1720,0,15,4,25,0,(X),(X),(X),110,100.0,1.4,0.8,74.8,1.0,0.0,20.2,0.0,0.2,0.0,0.3,0.0,(X),(X),(X),1.3,6705,95,25,5320,75,0,1085,0,0,4,25,0,(X),(X),(X),75,78.9,1.1,0.3,62.6,0.9,0.0,12.8,0.0,0.0,0.0,0.3,0.0,(X),(X),(X),0.9,1795,25,40,1035,10,0,640,0,15,0,0,0,(X),(X),(X),35,21.1,0.3,0.5,12.2,0.1,0.0,7.5,0.0,0.2,0.0,0.0,0.0,(X),(X),(X),0.4,482,79,67,429,56,114,296,114,26,4,27,114,(X),(X),(X),114,0.4,0.9,0.8,3.3,0.7,0.4,3.2,0.4,0.3,0.1,0.3,0.4,(X),(X),(X),1.3,441,66,26,414,53,114,198,114,114,4,27,114,(X),(X),(X),72,3.1,0.8,0.3,3.3,0.6,0.4,2.3,0.4,0.4,0.1,0.3,0.4,(X),(X),(X),0.8,294,27,58,190,20,114,217,114,26,114,114,114,(X),(X),(X),53,3.1,0.3,0.7,2.3,0.2,0.4,2.4,0.4,0.3,0.4,0.4,0.4,(X),(X),(X),0.6
0400000US34,34,New Jersey,1020,"Software developers, applications and systems software 1020 (SOC 15-113X)",38540,1095,385,16050,1280,25,19185,0,4,0,115,0,(X),(X),(X),400,100.0,2.8,1.0,41.6,3.3,0.1,49.8,0.0,0.0,0.0,0.3,0.0,(X),(X),(X),1.0,30115,895,270,12765,950,0,14810,0,4,0,115,0,(X),(X),(X),300,78.1,2.3,0.7,33.1,2.5,0.0,38.4,0.0,0.0,0.0,0.3,0.0,(X),(X),(X),0.8,8425,200,115,3285,330,25,4375,0,0,0,0,0,(X),(X),(X),100,21.9,0.5,0.3,8.5,0.9,0.1,11.4,0.0,0.0,0.0,0.0,0.0,(X),(X),(X),0.3,1197,245,128,797,228,28,890,123,17,123,69,123,(X),(X),(X),170,0.1,0.6,0.3,1.8,0.6,0.1,1.7,0.1,0.1,0.1,0.2,0.1,(X),(X),(X),0.4,1040,241,110,690,204,123,756,123,17,123,69,123,(X),(X),(X),120,1.3,0.6,0.3,1.6,0.5,0.1,1.6,0.1,0.1,0.1,0.2,0.1,(X),(X),(X),0.3,555,104,66,372,135,28,438,123,123,123,123,123,(X),(X),(X),81,1.3,0.3,0.2,0.9,0.3,0.1,1.1,0.1,0.1,0.1,0.1,0.1,(X),(X),(X),0.2
0400000US35,35,New Mexico,1020,"Software developers, applications and systems software 1020 (SOC 15-113X)",3625,470,255,2390,35,65,290,0,0,30,20,0,(X),(X),(X),70,100.0,13.0,7.0,65.9,1.0,1.8,8.0,0.0,0.0,0.8,0.6,0.0,(X),(X),(X),1.9,2670,290,210,1885,0,50,160,0,0,30,20,0,(X),(X),(X),20,73.7,8.0,5.8,52.0,0.0,1.4,4.4,0.0,0.0,0.8,0.6,0.0,(X),(X),(X),0.6,955,180,40,505,35,15,130,0,0,0,0,0,(X),(X),(X),50,26.3,5.0,1.1,13.9,1.0,0.4,3.6,0.0,0.0,0.0,0.0,0.0,(X),(X),(X),1.4,481,179,122,333,37,48,112,127,127,36,25,127,(X),(X),(X),73,1.0,4.5,3.0,5.9,1.0,1.3,2.9,1.0,1.0,1.0,0.7,1.0,(X),(X),(X),2.0,388,132,118,283,127,45,77,127,127,36,25,127,(X),(X),(X),33,4.6,3.4,3.0,5.5,1.0,1.2,2.0,1.0,1.0,1.0,0.7,1.0,(X),(X),(X),0.9,212,106,38,145,37,22,83,127,127,127,127,127,(X),(X),(X),65,4.6,2.8,1.0,3.7,1.0,0.6,2.3,1.0,1.0,1.0,1.0,1.0,(X),(X),(X),1.8
0400000US36,36,New York,1020,"Software developers, applications and systems software 1020 (SOC 15-113X)",37105,920,535,25300,1465,45,7990,0,95,75,105,10,(X),(X),(X),560,100.0,2.5,1.4,68.2,3.9,0.1,21.5,0.0,0.3,0.2,0.3,0.0,(X),(X),(X),1.5,29895,820,410,20415,1175,10,6310,0,85,60,85,0,(X),(X),(X),520,80.6,2.2,1.1,55.0,3.2,0.0,17.0,0.0,0.2,0.2,0.2,0.0,(X),(X),(X),1.4,7205,100,125,4885,290,35,1675,0,10,10,25,10,(X),(X),(X),40,19.4,0.3,0.3,13.2,0.8,0.1,4.5,0.0,0.0,0.0,0.1,0.0,(X),(X),(X),0.1,1595,203,186,1107,235,40,712,123,67,61,70,19,(X),(X),(X),423,0.1,0.5,0.5,1.9,0.6,0.1,1.5,0.1,0.2,0.2,0.2,0.1,(X),(X),(X),1.1,1462,183,159,1028,219,16,623,123,70,59,58,123,(X),(X),(X),420,1.6,0.5,0.4,1.9,0.6,0.1,1.4,0.1,0.2,0.2,0.2,0.1,(X),(X),(X),1.1,647,62,75,473,108,37,300,123,15,21,29,19,(X),(X),(X),37,1.6,0.2,0.2,1.2,0.3,0.1,0.8,0.1,0.1,0.1,0.1,0.1,(X),(X),(X),0.1
0400000US37,37,North Carolina,1020,"Software developers, applications and systems software 1020 (SOC 15-113X)",20680,310,110,13035,1490,30,5210,130,35,50,15,0,(X),(X),(X),275,100.0,1.5,0.5,63.0,7.2,0.1,25.2,0.6,0.2,0.2,0.1,0.0,(X),(X),(X),1.3,16480,160,105,10905,845,25,4000,130,35,50,15,0,(X),(X),(X),215,79.7,0.8,0.5,52.7,4.1,0.1,19.3,0.6,0.2,0.2,0.1,0.0,(X),(X),(X),1.0,4200,150,4,2130,645,4,1210,0,0,0,0,0,(X),(X),(X),60,20.3,0.7,0.0,10.3,3.1,0.0,5.9,0.0,0.0,0.0,0.0,0.0,(X),(X),(X),0.3,1036,94,62,815,303,34,515,184,40,53,25,127,(X),(X),(X),123,0.2,0.5,0.3,2.5,1.4,0.2,2.1,0.9,0.2,0.3,0.1,0.2,(X),(X),(X),0.6,941,65,61,743,264,32,449,184,40,53,25,127,(X),(X),(X),117,1.8,0.3,0.3,2.5,1.2,0.2,1.9,0.9,0.2,0.3,0.1,0.2,(X),(X),(X),0.6,417,68,10,313,176,127,220,127,127,127,127,127,(X),(X),(X),42,1.8,0.3,0.1,1.4,0.8,0.1,1.0,0.2,0.2,0.2,0.2,0.2,(X),(X),(X),0.2
0400000US38,38,North Dakota,1020,"Software developers, applications and systems software 1020 (SOC 15-113X)",785,20,0,720,0,0,50,0,0,0,0,0,(X),(X),(X),0,100.0,2.5,0.0,91.7,0.0,0.0,6.4,0.0,0.0,0.0,0.0,0.0,(X),(X),(X),0.0,605,20,0,575,0,0,15,0,0,0,0,0,(X),(X),(X),0,77.1,2.5,0.0,73.2,0.0,0.0,1.9,0.0,0.0,0.0,0.0,0.0,(X),(X),(X),0.0,180,0,0,145,0,0,35,0,0,0,0,0,(X),(X),(X),0,22.9,0.0,0.0,18.5,0.0,0.0,4.5,0.0,0.0,0.0,0.0,0.0,(X),(X),(X),0.0,145,24,93,134,93,93,49,93,93,93,93,93,(X),(X),(X),93,2.5,2.9,2.5,6.4,2.5,2.5,6.0,2.5,2.5,2.5,2.5,2.5,(X),(X),(X),2.5,124,24,93,119,93,93,22,93,93,93,93,93,(X),(X),(X),93,8.3,2.9,2.5,8.8,2.5,2.5,2.7,2.5,2.5,2.5,2.5,2.5,(X),(X),(X),2.5,77,93,93,64,93,93,44,93,93,93,93,93,(X),(X),(X),93,8.3,2.5,2.5,7.3,2.5,2.5,5.5,2.5,2.5,2.5,2.5,2.5,(X),(X),(X),2.5
0400000US39,39,Ohio,1020,"Software developers, applications and systems software 1020 (SOC 15-113X)",22650,155,115,16735,770,45,4555,0,0,20,60,0,(X),(X),(X),195,100.0,0.7,0.5,73.9,3.4,0.2,20.1,0.0,0.0,0.1,0.3,0.0,(X),(X),(X),0.9,17570,110,65,13450,420,40,3350,0,0,0,45,0,(X),(X),(X),90,77.6,0.5,0.3,59.4,1.9,0.2,14.8,0.0,0.0,0.0,0.2,0.0,(X),(X),(X),0.4,5080,45,50,3285,350,10,1205,0,0,20,10,0,(X),(X),(X),105,22.4,0.2,0.2,14.5,1.5,0.0,5.3,0.0,0.0,0.1,0.0,0.0,(X),(X),(X),0.5,1016,70,88,902,192,54,501,119,119,31,40,119,(X),(X),(X),133,0.1,0.3,0.4,2.0,0.8,0.2,2.0,0.1,0.1,0.1,0.2,0.1,(X),(X),(X),0.6,870,63,62,782,143,54,454,119,119,119,38,119,(X),(X),(X),82,1.7,0.3,0.3,2.2,0.6,0.2,1.9,0.1,0.1,0.1,0.2,0.1,(X),(X),(X),0.4,449,40,53,387,131,15,186,119,119,31,22,119,(X),(X),(X),74,1.7,0.2,0.2,1.5,0.6,0.1,0.8,0.1,0.1,0.1,0.1,0.1,(X),(X),(X),0.3
0400000US40,40,Oklahoma,1020,"Software developers, applications and systems software 1020 (SOC 15-113X)",4525,155,65,3335,180,150,475,0,0,45,30,30,(X),(X),(X),60,100.0,3.4,1.4,73.7,4.0,3.3,10.5,0.0,0.0,1.0,0.7,0.7,(X),(X),(X),1.3,3385,150,65,2490,80,110,395,0,0,30,15,0,(X),(X),(X),60,74.8,3.3,1.4,55.0,1.8,2.4,8.7,0.0,0.0,0.7,0.3,0.0,(X),(X),(X),1.3,1135,4,0,850,105,45,75,0,0,15,15,30,(X),(X),(X),0,25.1,0.1,0.0,18.8,2.3,1.0,1.7,0.0,0.0,0.3,0.3,0.7,(X),(X),(X),0.0,486,78,60,444,89,84,160,109,109,29,31,49,(X),(X),(X),63,0.6,1.7,1.3,5.0,1.9,1.9,3.3,0.6,0.6,0.6,0.7,1.1,(X),(X),(X),1.4,406,79,60,342,56,69,158,109,109,25,23,109,(X),(X),(X),63,4.7,1.7,1.3,4.6,1.2,1.5,3.4,0.6,0.6,0.5,0.5,0.6,(X),(X),(X),1.4,253,13,109,214,73,42,44,109,109,17,24,49,(X),(X),(X),109,4.6,0.3,0.6,4.1,1.5,0.9,0.9,0.6,0.6,0.4,0.5,1.1,(X),(X),(X),0.6
0400000US41,41,Oregon,1020,"Software developers, applications and systems software 1020 (SOC 15-113X)",12480,295,40,9065,15,35,2615,0,0,100,135,0,(X),(X),(X),180,100.0,2.4,0.3,72.6,0.1,0.3,21.0,0.0,0.0,0.8,1.1,0.0,(X),(X),(X),1.4,10240,285,15,7615,15,35,1910,0,0,95,115,0,(X),(X),(X),155,82.1,2.3,0.1,61.0,0.1,0.3,15.3,0.0,0.0,0.8,0.9,0.0,(X),(X),(X),1.2,2235,10,25,1455,0,0,705,0,0,4,20,0,(X),(X),(X),25,17.9,0.1,0.2,11.7,0.0,0.0,5.6,0.0,0.0,0.0,0.2,0.0,(X),(X),(X),0.2,741,139,41,610,24,42,399,123,123,61,65,123,(X),(X),(X),97,0.3,1.1,0.3,3.0,0.2,0.3,2.7,0.3,0.3,0.5,0.5,0.3,(X),(X),(X),0.8,648,142,23,532,24,42,326,123,123,63,62,123,(X),(X),(X),94,2.0,1.1,0.2,2.9,0.2,0.3,2.2,0.3,0.3,0.5,0.5,0.3,(X),(X),(X),0.7,294,18,36,235,123,123,182,123,123,7,24,123,(X),(X),(X),30,2.0,0.1,0.3,1.7,0.3,0.3,1.4,0.3,0.3,0.1,0.2,0.3,(X),(X),(X),0.2
0400000US42,42,Pennsylvania,1020,"Software developers, applications and systems software 1020 (SOC 15-113X)",28585,290,180,20645,1355,0,5660,15,105,10,80,0,(X),(X),(X),250,100.0,1.0,0.6,72.2,4.7,0.0,19.8,0.1,0.4,0.0,0.3,0.0,(X),(X),(X),0.9,22415,205,100,16525,940,0,4290,15,90,10,40,0,(X),(X),(X),205,78.4,0.7,0.3,57.8,3.3,0.0,15.0,0.1,0.3,0.0,0.1,0.0,(X),(X),(X),0.7,6170,85,80,4120,415,0,1370,0,10,0,40,0,(X),(X),(X),40,21.6,0.3,0.3,14.4,1.5,0.0,4.8,0.0,0.0,0.0,0.1,0.0,(X),(X),(X),0.1,1091,104,120,862,305,109,571,28,85,14,61,109,(X),(X),(X),128,0.1,0.4,0.4,1.9,1.0,0.1,1.8,0.1,0.3,0.1,0.2,0.1,(X),(X),(X),0.4,956,83,67,880,236,109,469,28,82,14,37,109,(X),(X),(X),120,1.5,0.3,0.2,2.2,0.8,0.1,1.5,0.1,0.3,0.1,0.1,0.1,(X),(X),(X),0.4,501,68,77,377,158,109,268,109,21,109,49,109,(X),(X),(X),40,1.5,0.2,0.3,1.4,0.5,0.1,0.9,0.1,0.1,0.1,0.2,0.1,(X),(X),(X),0.1
0400000US44,44,Rhode Island,1020,"Software developers, applications and systems software 1020 (SOC 15-113X)",2785,10,30,2310,60,0,245,0,0,20,20,0,(X),(X),(X),90,100.0,0.4,1.1,82.9,2.2,0.0,8.8,0.0,0.0,0.7,0.7,0.0,(X),(X),(X),3.2,2265,0,30,1895,60,0,210,0,0,20,20,0,(X),(X),(X),40,81.3,0.0,1.1,68.0,2.2,0.0,7.5,0.0,0.0,0.7,0.7,0.0,(X),(X),(X),1.4,520,10,0,420,0,0,35,0,0,0,0,0,(X),(X),(X),55,18.7,0.4,0.0,15.1,0.0,0.0,1.3,0.0,0.0,0.0,0.0,0.0,(X),(X),(X),2.0,425,24,36,356,48,127,156,127,127,32,32,127,(X),(X),(X),83,1.3,0.9,1.3,5.9,1.7,1.3,5.1,1.3,1.3,1.1,1.2,1.3,(X),(X),(X),2.9,382,127,36,314,48,127,154,127,127,32,32,127,(X),(X),(X),53,4.5,1.3,1.3,6.0,1.7,1.3,5.0,1.3,1.3,1.1,1.2,1.3,(X),(X),(X),1.9,140,24,127,130,127,127,35,127,127,127,127,127,(X),(X),(X),66,4.5,0.9,1.3,4.3,1.3,1.3,1.3,1.3,1.3,1.3,1.3,1.3,(X),(X),(X),2.3
0400000US45,45,South Carolina,1020,"Software developers, applications and systems software 1020 (SOC 15-113X)",4520,95,40,3330,370,0,585,0,0,10,0,0,(X),(X),(X),90,100.0,2.1,0.9,73.7,8.2,0.0,12.9,0.0,0.0,0.2,0.0,0.0,(X),(X),(X),2.0,3525,30,40,2730,160,0,470,0,0,10,0,0,(X),(X),(X),85,78.0,0.7,0.9,60.4,3.5,0.0,10.4,0.0,0.0,0.2,0.0,0.0,(X),(X),(X),1.9,995,65,0,600,210,0,115,0,0,0,0,0,(X),(X),(X),4,22.0,1.4,0.0,13.3,4.6,0.0,2.5,0.0,0.0,0.0,0.0,0.0,(X),(X),(X),0.1,500,62,34,385,161,132,190,132,132,23,132,132,(X),(X),(X),89,0.9,1.3,0.7,4.7,3.3,0.9,3.7,0.9,0.9,0.5,0.9,0.9,(X),(X),(X),2.0,459,34,34,368,120,132,176,132,132,23,132,132,(X),(X),(X),88,4.1,0.7,0.7,4.8,2.6,0.9,3.5,0.9,0.9,0.5,0.9,0.9,(X),(X),(X),1.9,197,54,132,149,97,132,66,132,132,132,132,132,(X),(X),(X),16,4.1,1.2,0.9,3.3,2.1,0.9,1.4,0.9,0.9,0.9,0.9,0.9,(X),(X),(X),0.4
0400000US46,46,South Dakota,1020,"Software developers, applications and systems software 1020 (SOC 15-113X)",1245,0,0,1040,15,60,35,0,0,0,0,0,(X),(X),(X),90,100.0,0.0,0.0,83.5,1.2,4.8,2.8,0.0,0.0,0.0,0.0,0.0,(X),(X),(X),7.2,935,0,0,780,15,10,35,0,0,0,0,0,(X),(X),(X),90,75.1,0.0,0.0,62.7,1.2,0.8,2.8,0.0,0.0,0.0,0.0,0.0,(X),(X),(X),7.2,310,0,0,260,0,50,0,0,0,0,0,0,(X),(X),(X),0,24.9,0.0,0.0,20.9,0.0,4.0,0.0,0.0,0.0,0.0,0.0,0.0,(X),(X),(X),0.0,248,99,99,205,21,66,49,99,99,99,99,99,(X),(X),(X),101,1.8,1.8,1.8,9.0,1.7,5.2,3.8,1.8,1.8,1.8,1.8,1.8,(X),(X),(X),7.7,218,99,99,178,21,16,49,99,99,99,99,99,(X),(X),(X),101,9.0,1.8,1.8,10.3,1.7,1.3,3.8,1.8,1.8,1.8,1.8,1.8,(X),(X),(X),7.7,126,99,99,102,99,64,99,99,99,99,99,99,(X),(X),(X),99,9.0,1.8,1.8,7.2,1.8,5.1,1.8,1.8,1.8,1.8,1.8,1.8,(X),(X),(X),1.8
0400000US47,47,Tennessee,1020,"Software developers, applications and systems software 1020 (SOC 15-113X)",7615,170,75,5450,500,0,1310,0,0,40,30,0,(X),(X),(X),40,100.0,2.2,1.0,71.6,6.6,0.0,17.2,0.0,0.0,0.5,0.4,0.0,(X),(X),(X),0.5,6065,120,75,4455,290,0,1045,0,0,40,0,0,(X),(X),(X),40,79.6,1.6,1.0,58.5,3.8,0.0,13.7,0.0,0.0,0.5,0.0,0.0,(X),(X),(X),0.5,1550,50,0,995,210,0,260,0,0,0,30,0,(X),(X),(X),0,20.4,0.7,0.0,13.1,2.8,0.0,3.4,0.0,0.0,0.0,0.4,0.0,(X),(X),(X),0.0,651,105,103,539,151,127,283,127,127,34,51,127,(X),(X),(X),36,0.5,1.4,1.4,4.0,1.9,0.5,3.2,0.5,0.5,0.5,0.7,0.5,(X),(X),(X),0.5,573,90,103,447,130,127,261,127,127,34,127,127,(X),(X),(X),36,2.6,1.2,1.4,3.5,1.7,0.5,3.0,0.5,0.5,0.5,0.5,0.5,(X),(X),(X),0.5,226,61,127,199,108,127,91,127,127,127,51,127,(X),(X),(X),127,2.6,0.8,0.5,2.4,1.4,0.5,1.2,0.5,0.5,0.5,0.7,0.5,(X),(X),(X),0.5
0400000US48,48,Texas,1020,"Software developers, applications and systems software 1020 (SOC 15-113X)",61470,3370,1385,34560,2380,135,18830,20,20,160,260,0,(X),(X),(X),340,100.0,5.5,2.3,56.2,3.9,0.2,30.6,0.0,0.0,0.3,0.4,0.0,(X),(X),(X),0.6,48575,2630,995,28485,1560,115,14160,20,10,105,220,0,(X),(X),(X),270,79.0,4.3,1.6,46.3,2.5,0.2,23.0,0.0,0.0,0.2,0.4,0.0,(X),(X),(X),0.4,12895,740,385,6075,820,20,4670,0,10,55,40,0,(X),(X),(X),70,21.0,1.2,0.6,9.9,1.3,0.0,7.6,0.0,0.0,0.1,0.1,0.0,(X),(X),(X),0.1,1887,430,263,1290,318,69,1084,32,26,71,116,127,(X),(X),(X),145,0.1,0.7,0.4,1.5,0.5,0.1,1.4,0.1,0.1,0.1,0.2,0.1,(X),(X),(X),0.2,1742,370,218,1231,287,65,895,32,16,66,111,127,(X),(X),(X),130,1.1,0.6,0.3,1.5,0.4,0.1,1.2,0.1,0.1,0.1,0.2,0.1,(X),(X),(X),0.2,756,198,165,432,209,22,496,127,20,48,31,127,(X),(X),(X),74,1.1,0.3,0.3,0.7,0.3,0.1,0.8,0.1,0.1,0.1,0.1,0.1,(X),(X),(X),0.1
0400000US49,49,Utah,1020,"Software developers, applications and systems software 1020 (SOC 15-113X)",8480,195,145,7490,25,25,425,0,0,40,45,0,(X),(X),(X),85,100.0,2.3,1.7,88.3,0.3,0.3,5.0,0.0,0.0,0.5,0.5,0.0,(X),(X),(X),1.0,7170,155,115,6485,25,20,235,0,0,40,30,0,(X),(X),(X),60,84.6,1.8,1.4,76.5,0.3,0.2,2.8,0.0,0.0,0.5,0.4,0.0,(X),(X),(X),0.7,1315,40,25,1005,0,4,190,0,0,0,15,0,(X),(X),(X),25,15.5,0.5,0.3,11.9,0.0,0.0,2.2,0.0,0.0,0.0,0.2,0.0,(X),(X),(X),0.3,606,85,75,548,37,26,189,119,119,49,40,119,(X),(X),(X),64,0.4,1.0,0.9,2.5,0.4,0.3,2.1,0.4,0.4,0.6,0.5,0.4,(X),(X),(X),0.8,551,75,73,541,37,26,81,119,119,49,29,119,(X),(X),(X),46,2.9,0.9,0.9,3.3,0.4,0.3,0.9,0.4,0.4,0.6,0.3,0.4,(X),(X),(X),0.5,268,37,36,206,119,6,164,119,119,119,29,119,(X),(X),(X),43,2.9,0.4,0.4,2.4,0.4,0.1,1.9,0.4,0.4,0.4,0.3,0.4,(X),(X),(X),0.5
0400000US50,50,Vermont,1020,"Software developers, applications and systems software 1020 (SOC 15-113X)",1680,0,0,1625,0,0,55,0,0,0,0,0,(X),(X),(X),0,100.0,0.0,0.0,96.7,0.0,0.0,3.3,0.0,0.0,0.0,0.0,0.0,(X),(X),(X),0.0,1180,0,0,1145,0,0,35,0,0,0,0,0,(X),(X),(X),0,70.2,0.0,0.0,68.2,0.0,0.0,2.1,0.0,0.0,0.0,0.0,0.0,(X),(X),(X),0.0,500,0,0,480,0,0,20,0,0,0,0,0,(X),(X),(X),0,29.8,0.0,0.0,28.6,0.0,0.0,1.2,0.0,0.0,0.0,0.0,0.0,(X),(X),(X),0.0,259,93,93,251,93,93,54,93,93,93,93,93,(X),(X),(X),93,1.2,1.2,1.2,3.3,1.2,1.2,3.1,1.2,1.2,1.2,1.2,1.2,(X),(X),(X),1.2,219,93,93,217,93,93,38,93,93,93,93,93,(X),(X),(X),93,7.4,1.2,1.2,8.0,1.2,1.2,2.2,1.2,1.2,1.2,1.2,1.2,(X),(X),(X),1.2,148,93,93,144,93,93,25,93,93,93,93,93,(X),(X),(X),93,7.4,1.2,1.2,7.4,1.2,1.2,1.5,1.2,1.2,1.2,1.2,1.2,(X),(X),(X),1.2
0400000US51,51,Virginia,1020,"Software developers, applications and systems software 1020 (SOC 15-113X)",43875,710,665,26740,2820,60,11830,60,75,155,270,15,(X),(X),(X),475,100.0,1.6,1.5,60.9,6.4,0.1,27.0,0.1,0.2,0.4,0.6,0.0,(X),(X),(X),1.1,32765,610,560,21005,1610,25,8185,15,75,75,235,15,(X),(X),(X),350,74.7,1.4,1.3,47.9,3.7,0.1,18.7,0.0,0.2,0.2,0.5,0.0,(X),(X),(X),0.8,11110,100,105,5730,1210,40,3645,45,0,80,30,0,(X),(X),(X),125,25.3,0.2,0.2,13.1,2.8,0.1,8.3,0.1,0.0,0.2,0.1,0.0,(X),(X),(X),0.3,1596,267,274,1135,428,70,823,53,76,118,116,28,(X),(X),(X),155,0.1,0.6,0.6,1.4,0.9,0.2,1.6,0.1,0.2,0.3,0.3,0.1,(X),(X),(X),0.4,1397,252,233,1059,341,36,647,33,76,77,106,28,(X),(X),(X),141,1.2,0.6,0.5,1.6,0.7,0.1,1.3,0.1,0.2,0.2,0.2,0.1,(X),(X),(X),0.3,603,60,89,457,223,42,395,47,127,84,37,127,(X),(X),(X),78,1.2,0.1,0.2,1.0,0.5,0.1,0.9,0.1,0.1,0.2,0.1,0.1,(X),(X),(X),0.2
0400000US53,53,Washington,1020,"Software developers, applications and systems software 1020 (SOC 15-113X)",45705,875,290,28800,420,70,14380,45,75,125,370,0,(X),(X),(X),255,100.0,1.9,0.6,63.0,0.9,0.2,31.5,0.1,0.2,0.3,0.8,0.0,(X),(X),(X),0.6,38575,800,235,25220,380,50,11155,45,60,110,305,0,(X),(X),(X),220,84.4,1.8,0.5,55.2,0.8,0.1,24.4,0.1,0.1,0.2,0.7,0.0,(X),(X),(X),0.5,7130,75,60,3585,40,15,3225,0,15,15,65,0,(X),(X),(X),40,15.6,0.2,0.1,7.8,0.1,0.0,7.1,0.0,0.0,0.0,0.1,0.0,(X),(X),(X),0.1,1666,238,107,1026,139,46,1023,43,40,65,128,123,(X),(X),(X),134,0.1,0.5,0.2,1.6,0.3,0.1,1.5,0.1,0.1,0.1,0.3,0.1,(X),(X),(X),0.3,1553,224,88,962,126,41,930,43,39,61,127,123,(X),(X),(X),126,1.0,0.5,0.2,1.5,0.3,0.1,1.5,0.1,0.1,0.1,0.3,0.1,(X),(X),(X),0.3,495,53,52,369,38,23,362,123,21,18,49,123,(X),(X),(X),38,1.0,0.1,0.1,0.8,0.1,0.1,0.8,0.1,0.1,0.1,0.1,0.1,(X),(X),(X),0.1
0400000US54,54,West Virginia,1020,"Software developers, applications and systems software 1020 (SOC 15-113X)",1635,65,0,1500,15,0,55,0,0,0,0,0,(X),(X),(X),0,100.0,4.0,0.0,91.7,0.9,0.0,3.4,0.0,0.0,0.0,0.0,0.0,(X),(X),(X),0.0,1280,65,0,1160,15,0,40,0,0,0,0,0,(X),(X),(X),0,78.3,4.0,0.0,70.9,0.9,0.0,2.4,0.0,0.0,0.0,0.0,0.0,(X),(X),(X),0.0,355,0,0,340,0,0,15,0,0,0,0,0,(X),(X),(X),0,21.7,0.0,0.0,20.8,0.0,0.0,0.9,0.0,0.0,0.0,0.0,0.0,(X),(X),(X),0.0,237,67,119,236,23,119,40,119,119,119,119,119,(X),(X),(X),119,2.0,4.0,2.0,4.7,1.5,2.0,2.5,2.0,2.0,2.0,2.0,2.0,(X),(X),(X),2.0,198,67,119,198,23,119,36,119,119,119,119,119,(X),(X),(X),119,6.0,4.0,2.0,7.2,1.5,2.0,2.3,2.0,2.0,2.0,2.0,2.0,(X),(X),(X),2.0,113,119,119,115,119,119,16,119,119,119,119,119,(X),(X),(X),119,5.9,2.0,2.0,6.0,2.0,2.0,1.0,2.0,2.0,2.0,2.0,2.0,(X),(X),(X),2.0
0400000US55,55,Wisconsin,1020,"Software developers, applications and systems software 1020 (SOC 15-113X)",11010,140,45,8780,115,15,1815,0,4,20,15,0,(X),(X),(X),60,100.0,1.3,0.4,79.7,1.0,0.1,16.5,0.0,0.0,0.2,0.1,0.0,(X),(X),(X),0.5,8320,85,40,6670,30,4,1405,0,0,20,15,0,(X),(X),(X),60,75.6,0.8,0.4,60.6,0.3,0.0,12.8,0.0,0.0,0.2,0.1,0.0,(X),(X),(X),0.5,2690,55,4,2110,85,15,410,0,4,0,0,0,(X),(X),(X),0,24.4,0.5,0.0,19.2,0.8,0.1,3.7,0.0,0.0,0.0,0.0,0.0,(X),(X),(X),0.0,708,64,57,589,75,26,288,99,5,25,27,99,(X),(X),(X),55,0.2,0.6,0.5,2.4,0.7,0.2,2.3,0.2,0.1,0.2,0.2,0.2,(X),(X),(X),0.5,604,52,56,490,24,3,273,99,99,25,27,99,(X),(X),(X),55,2.4,0.5,0.5,2.5,0.2,0.1,2.2,0.2,0.2,0.2,0.2,0.2,(X),(X),(X),0.5,307,44,13,254,74,25,120,99,5,99,99,99,(X),(X),(X),99,2.4,0.4,0.1,2.0,0.7,0.2,1.1,0.2,0.1,0.2,0.2,0.2,(X),(X),(X),0.2
0400000US56,56,Wyoming,1020,"Software developers, applications and systems software 1020 (SOC 15-113X)",220,0,0,215,0,4,0,0,0,0,0,0,(X),(X),(X),0,100.0,0.0,0.0,97.7,0.0,1.8,0.0,0.0,0.0,0.0,0.0,0.0,(X),(X),(X),0.0,195,0,0,190,0,4,0,0,0,0,0,0,(X),(X),(X),0,88.6,0.0,0.0,86.4,0.0,1.8,0.0,0.0,0.0,0.0,0.0,0.0,(X),(X),(X),0.0,25,0,0,25,0,0,0,0,0,0,0,0,(X),(X),(X),0,11.4,0.0,0.0,11.4,0.0,0.0,0.0,0.0,0.0,0.0,0.0,0.0,(X),(X),(X),0.0,82,119,119,81,119,6,119,119,119,119,119,119,(X),(X),(X),119,13.7,13.7,13.7,5.6,13.7,2.9,13.7,13.7,13.7,13.7,13.7,13.7,(X),(X),(X),13.7,77,119,119,79,119,6,119,119,119,119,119,119,(X),(X),(X),119,12.9,13.7,13.7,13.9,13.7,2.9,13.7,13.7,13.7,13.7,13.7,13.7,(X),(X),(X),13.7,29,119,119,29,119,119,119,119,119,119,119,119,(X),(X),(X),119,12.4,13.7,13.7,12.4,13.7,13.7,13.7,13.7,13.7,13.7,13.7,13.7,(X),(X),(X),13.7
0400000US72,72,Puerto Rico,1020,"Software developers, applications and systems software 1020 (SOC 15-113X)",860,595,235,15,0,0,0,0,0,0,0,0,(X),(X),(X),15,100.0,69.2,27.3,1.7,0.0,0.0,0.0,0.0,0.0,0.0,0.0,0.0,(X),(X),(X),1.7,560,365,175,0,0,0,0,0,0,0,0,0,(X),(X),(X),15,65.1,42.4,20.3,0.0,0.0,0.0,0.0,0.0,0.0,0.0,0.0,0.0,(X),(X),(X),1.7,300,230,55,15,0,0,0,0,0,0,0,0,(X),(X),(X),0,34.9,26.7,6.4,1.7,0.0,0.0,0.0,0.0,0.0,0.0,0.0,0.0,(X),(X),(X),0.0,176,148,112,24,123,123,123,123,123,123,123,123,(X),(X),(X),29,4.0,11.5,11.0,2.9,4.0,4.0,4.0,4.0,4.0,4.0,4.0,4.0,(X),(X),(X),3.4,162,116,110,123,123,123,123,123,123,123,123,123,(X),(X),(X),29,11.2,11.4,11.2,4.0,4.0,4.0,4.0,4.0,4.0,4.0,4.0,4.0,(X),(X),(X),3.4,103,101,47,24,123,123,123,123,123,123,123,123,(X),(X),(X),123,11.0,10.4,5.8,2.9,4.0,4.0,4.0,4.0,4.0,4.0,4.0,4.0,(X),(X),(X),4.0
